year,country,region,district,district_pcode,female_total,male_total,total_population,female_00_04,male_00_04,total_00_04,female_05_09,male_05_09,total_05_09,female_10_14,male_10_14,total_10_14,female_15_19,male_15_19,total_15_19,female_20_24,male_20_24,total_20_24,female_25_29,male_25_29,total_25_29,female_30_34,male_30_34,total_30_34,female_35_39,male_35_39,total_35_39,female_40_44,male_40_44,total_40_44,female_45_49,male_45_49,total_45_49,female_50_54,male_50_54,total_50_54,female_55_59,male_55_59,total_55_59,female_60_64,male_60_64,total_60_64,female_65_69,male_65_69,total_65_69,female_70_74,male_70_74,total_70_74,female_75_79,male_75_79,total_75_79,female_80plus,male_80plus,total_80plus
2022,Uganda,Central,Buikwe,UG1001,262652,252022,514674,44534,46662,91196,38777,40599,79376,34278,34891,69169,30741,31179,61920,24825,22742,47567,20992,17810,38802,16719,13813,30532,13183,11085,24268,9626,8261,17887,7803,6906,14709,6603,5813,12416,4546,4143,8689,3691,3165,6856,1957,1770,3727,1935,1435,3370,1148,901,2049,1294,847,2141
2022,Uganda,Central,Bukomansimbi,UG1002,83534,81689,165223,14345,15275,29620,13295,14530,27825,12202,13348,25550,8412,9475,17887,5600,5566,11166,4941,4114,9055,4758,3618,8376,4101,3375,7476,3359,2613,5972,2752,2389,5141,2454,2035,4489,2237,1694,3931,1683,1281,2964,1052,807,1859,1035,664,1699,737,515,1252,571,390,961
2022,Uganda,Central,Butambala,UG1003,58087,57049,115136,10384,11097,21481,9235,10256,19491,8528,9343,17871,6575,6828,13403,4242,4063,8305,3621,3078,6699,3213,2444,5657,2720,2258,4978,2120,1740,3860,1772,1448,3220,1567,1442,3009,1214,1001,2215,993,752,1745,550,427,977,590,390,980,407,267,674,356,215,571
2022,Uganda,Central,Buvuma,UG1004,70586,81442,152028,15390,16288,31678,10008,10422,20430,6556,6873,13429,5724,6680,12404,7034,7581,14615,6892,7847,14739,5896,7044,12940,4456,5720,10176,3246,4250,7496,2114,3017,5131,1421,2274,3695,706,1408,2114,538,1017,1555,212,444,656,185,285,470,85,121,206,123,171,294
2022,Uganda,Central,Gomba,UG1005,90919,95538,186457,16771,18168,34939,14623,15615,30238,12835,14201,27036,8904,11124,20028,6607,7262,13869,5673,5571,11244,5372,4926,10298,4311,4152,8463,3565,3364,6929,2842,2870,5712,2536,2390,4926,2140,1875,4015,1728,1474,3202,905,930,1835,925,720,1645,599,476,1075,583,420,1003
2022,Uganda,Central,Kalangala,UG1006,32105,43141,75246,6197,6643,12840,3066,3281,6347,1961,2227,4188,2295,2637,4932,3945,4899,8844,4535,5854,10389,3695,5533,9228,2586,4315,6901,1421,2921,4342,941,1857,2798,552,1190,1742,320,701,1021,241,496,737,113,169,282,84,162,246,73,85,158,80,171,251
2022,Uganda,Central,Kalungu,UG1007,105735,100854,206589,17840,18805,36645,16460,17747,34207,14975,15812,30787,11591,12223,23814,7602,7077,14679,6568,5492,12060,5960,4546,10506,5464,4214,9678,3851,3171,7022,3474,2904,6378,2927,2448,5375,2681,2025,4706,2046,1562,3608,1275,985,2260,1291,749,2040,932,586,1518,798,508,1306
2022,Uganda,Central,Kampala,UG1008,959110,861592,1820702,132752,139806,272558,94953,97176,192129,83052,73229,156281,125878,90337,216215,154201,128545,282746,127598,108017,235615,83635,74380,158015,56645,51470,108115,33308,32737,66045,23271,24569,47840,15238,16254,31492,11216,10944,22160,6673,6423,13096,3883,3335,7218,2650,1825,4475,2023,1167,3190,2134,1378,3512
2022,Uganda,Central,Kassanda,UG1009,163849,171215,335064,30789,32702,63491,25434,27563,52997,21775,23485,45260,17119,19504,36623,14331,15530,29861,11252,11759,23011,10021,9331,19352,7988,7688,15676,6198,5660,11858,4816,4596,9412,4851,4340,9191,2908,3086,5994,2418,2288,4706,1394,1409,2803,1199,1114,2313,709,662,1371,647,498,1145
2022,Uganda,Central,Kayunga,UG1010,224908,215690,440598,40798,42330,83128,36519,38808,75327,32080,33725,65805,24302,26789,51091,17275,15606,32881,14469,11604,26073,12960,9506,22466,10623,8375,18998,8646,6821,15467,6972,5829,12801,5856,5059,10915,4189,3441,7630,3714,2801,6515,1987,1640,3627,2010,1460,3470,1269,971,2240,1239,925,2164
2022,Uganda,Central,Kiboga,UG1011,91892,95815,187707,17056,17553,34609,14048,14853,28901,11911,12856,24767,9858,11071,20929,7914,8991,16905,6657,6771,13428,5624,5481,11105,4482,4378,8860,3542,3315,6857,2588,2661,5249,2123,2266,4389,1660,1726,3386,1249,1218,2467,1315,1074,2389,808,732,1540,556,456,1012,501,413,914
2022,Uganda,Central,Kyankwanzi,UG1012,156225,168030,324255,31902,32834,64736,23918,25449,49367,20014,20570,40584,15702,17979,33681,14006,16505,30511,11825,12791,24616,10135,10573,20708,7322,7728,15050,5466,6134,11600,4204,4757,8961,3267,3764,7031,2184,2850,5034,1622,1781,3403,2270,2191,4461,1087,1075,2162,683,569,1252,618,480,1098
2022,Uganda,Central,Kyotera,UG1013,141538,136998,278536,23734,25142,48876,20961,23451,44412,19425,20564,39989,14899,15619,30518,11141,9678,20819,9948,8126,18074,9752,7536,17288,8282,6934,15216,5257,5089,10346,3928,3944,7872,3531,2918,6449,3048,2336,5384,2533,2022,4555,1696,1204,2900,1503,1007,2510,1140,748,1888,760,680,1440
2022,Uganda,Central,Luwero,UG1014,288875,283592,572467,50300,52837,103137,43148,46172,89320,38612,41131,79743,33199,35227,68426,26216,25345,51561,20967,18157,39124,17558,14406,31964,14777,12751,27528,10719,9636,20355,8685,7883,16568,7001,6392,13393,5330,4624,9954,4267,3342,7609,2484,1905,4389,2283,1595,3878,1699,1099,2798,1630,1090,2720
2022,Uganda,Central,Lwengo,UG1015,159660,149359,309019,29094,30026,59120,25635,27354,52989,22241,23430,45671,15689,16703,32392,11210,9749,20959,10193,7764,17957,10109,7241,17350,8457,6517,14974,5988,4831,10819,4935,4112,9047,4357,3237,7594,3660,2646,6306,2823,2082,4905,1765,1355,3120,1556,1026,2582,1079,712,1791,869,574,1443
2022,Uganda,Central,Lyantonde,UG1016,61420,60644,122064,11522,11701,23223,9191,9754,18945,7709,7948,15657,6224,6474,12698,5361,5346,10707,4767,4282,9049,4175,3539,7714,3372,3034,6406,2328,2146,4474,1774,1743,3517,1511,1577,3088,1059,1079,2138,895,786,1681,455,459,914,451,348,799,298,213,511,328,215,543
2022,Uganda,Central,Masaka,UG1017,186705,178569,365274,31491,32721,64212,26468,27785,54253,23500,23854,47354,20212,20370,40582,17588,15489,33077,16111,13333,29444,13230,11019,24249,10385,9628,20013,6539,6537,13076,5089,4873,9962,4188,3791,7979,3594,3147,6741,2817,2213,5030,1772,1389,3161,1571,1045,2616,1144,759,1903,1006,616,1622
2022,Uganda,Central,Mityana,UG1018,194506,196577,391083,33709,36349,70058,28615,31406,60021,25467,27614,53081,21779,23572,45351,16913,17273,34186,13810,12736,26546,11686,10414,22100,9651,8904,18555,7286,6697,13983,5995,5290,11285,5388,4741,10129,4400,3632,8032,3448,2842,6290,2003,1696,3699,1820,1408,3228,1319,1078,2397,1217,925,2142
2022,Uganda,Central,Mpigi,UG1019,156749,156449,313198,27574,29372,56946,23731,25370,49101,20583,22454,43037,16610,18332,34942,13772,12958,26730,11669,10610,22279,9700,8609,18309,7705,7150,14855,5778,5381,11159,4814,4346,9160,4124,3624,7748,3273,2750,6023,2451,2063,4514,1489,1214,2703,1424,975,2399,1052,662,1714,1000,579,1579
2022,Uganda,Central,Mubende,UG1020,323683,325668,649351,65387,66874,132261,48568,50884,99452,39266,41954,81220,34098,36058,70156,30695,30869,61564,25953,24714,50667,22105,19360,41465,15716,14293,30009,11416,10358,21774,8923,8610,17533,6422,6796,13218,4889,5335,10224,4077,4065,8142,2069,2142,4211,1712,1488,3200,1220,966,2186,1167,902,2069
2022,Uganda,Central,Mukono,UG1021,398912,374880,773792,65847,68479,134326,55040,58714,113754,47916,48954,96870,46484,43672,90156,40444,34640,75084,35032,28489,63521,27512,22646,50158,21161,18409,39570,15077,13313,28390,11932,10681,22613,9572,8411,17983,7175,6254,13429,5672,4565,10237,3010,2574,5584,2830,1996,4826,1906,1332,3238,2302,1751,4053
2022,Uganda,Central,Nakaseke,UG1022,121717,137401,259118,21500,23239,44739,17976,19450,37426,16324,17489,33813,13097,15510,28607,10456,13169,23625,8718,11111,19829,7694,9201,16895,6280,7721,14001,4821,5752,10573,3711,4495,8206,3219,3473,6692,2304,2296,4600,1947,1718,3665,1040,878,1918,1037,737,1774,708,547,1255,885,615,1500
2022,Uganda,Central,Nakasongola,UG1023,116042,121857,237899,21844,22618,44462,18657,19086,37743,15792,16686,32478,13288,14627,27915,9850,11040,20890,7969,8789,16758,7163,7159,14322,5593,5741,11334,4262,4342,8604,3265,3358,6623,2577,2813,5390,1797,1841,3638,1374,1435,2809,752,774,1526,761,662,1423,558,444,1002,540,442,982
2022,Uganda,Central,Rakai,UG1024,178498,171119,349617,34552,35772,70324,29093,30228,59321,24825,25924,50749,16600,18162,34762,13269,11963,25232,11469,9414,20883,11683,8729,20412,9481,7567,17048,6950,5805,12755,5282,4663,9945,4408,3744,8152,3366,2868,6234,2742,2379,5121,1533,1417,2950,1424,1116,2540,858,701,1559,963,667,1630
2022,Uganda,Central,Ssembabule,UG1025,164021,162310,326331,30883,31640,62523,26330,27442,53772,22227,23702,45929,16167,17717,33884,12526,12230,24756,11204,9771,20975,10864,8762,19626,8493,7613,16106,6197,5566,11763,4868,4885,9753,3907,4022,7929,3321,3067,6388,2560,2360,4920,1432,1315,2747,1342,997,2339,869,679,1548,831,542,1373
2022,Uganda,Central,Wakiso,UG1026,1811061,1635180,3446241,296938,311495,608433,221092,226995,448087,180697,167432,348129,223763,170132,393895,235536,178658,414194,209874,164878,374752,146655,129365,276020,101355,98818,200173,58500,62079,120579,42222,45600,87822,30069,30709,60778,21909,19670,41579,15071,12476,27547,8782,6460,15242,7435,4417,11852,5888,3101,8989,5275,2895,8170
2022,Uganda,Eastern,Amuria,UG2027,129420,122768,252188,25380,25803,51183,21720,21938,43658,17450,18117,35567,15183,15932,31115,9938,9775,19713,7842,6063,13905,7223,5403,12626,5869,4410,10279,4487,3487,7974,4007,3076,7083,2832,2650,5482,2279,2041,4320,1831,1417,3248,1239,926,2165,1119,724,1843,817,486,1303,204,520,724
2022,Uganda,Eastern,Budaka,UG2028,146133,136649,282782,28942,29514,58456,23576,24398,47974,20021,20408,40429,16419,17017,33436,11249,10257,21506,8803,6469,15272,8264,5449,13713,6358,4543,10901,5626,4036,9662,4092,3662,7754,3523,3236,6759,2632,2265,4897,2105,1836,3941,1471,1090,2561,1403,1039,2442,848,754,1602,801,676,1477
2022,Uganda,Eastern,Bududa,UG2029,142872,144603,287475,25625,25598,51223,24238,24949,49187,21307,22780,44087,17918,18589,36507,12214,12511,24725,8439,7927,16366,7268,6709,13977,5572,4859,10431,4911,4741,9652,3890,3978,7868,2604,3421,6025,2598,2927,5525,1954,1956,3910,1366,1198,2564,1253,1026,2279,936,832,1768,779,602,1381
2022,Uganda,Eastern,Bugiri,UG2030,259046,242887,501933,51795,53206,105001,43149,44695,87844,35282,36397,71679,27688,29070,56758,20540,18173,38713,16398,12240,28638,15204,10692,25896,12039,8470,20509,9820,7189,17009,7438,5660,13098,6128,5266,11394,4176,3872,8048,3533,2950,6483,1955,1728,3683,1727,1454,3181,1088,918,2006,1086,907,1993
2022,Uganda,Eastern,Bugweri,UG2031,109883,99926,209809,20274,20474,40748,17300,18128,35428,15605,15725,31330,12034,12409,24443,8851,7365,16216,7037,4835,11872,6408,4106,10514,5419,3657,9076,4401,3124,7525,3409,2642,6051,2711,2414,5125,1683,1425,3108,1632,1304,2936,850,749,1599,975,673,1648,584,431,1015,710,465,1175
2022,Uganda,Eastern,Bukedea,UG2032,151924,142118,294042,29673,29823,59496,25230,25261,50491,20458,21218,41676,15780,16524,32304,11855,11065,22920,9233,7198,16431,8661,6633,15294,6601,5267,11868,5340,4491,9831,4591,3643,8234,3658,3176,6834,2962,2369,5331,2468,1780,4248,1642,1211,2853,1609,1001,2610,1167,809,1976,996,649,1645
2022,Uganda,Eastern,Bukwo,UG2033,68187,68997,137184,13675,14470,28145,11043,12055,23098,9235,9734,18969,7424,7758,15182,5588,5846,11434,4822,4255,9077,4143,3623,7766,3114,2864,5978,2390,2038,4428,1885,1812,3697,1405,1429,2834,1192,1181,2373,795,796,1591,492,424,916,387,318,705,308,206,514,289,188,477
2022,Uganda,Eastern,Bulambuli,UG2034,134502,130383,264885,22861,22633,45494,22565,22617,45182,18513,19060,37573,15367,15701,31068,10799,11022,21821,8488,7089,15577,7733,6461,14194,5950,5181,11131,5009,4741,9750,4318,3903,8221,3186,3243,6429,2856,2701,5557,2472,2394,4866,1458,1281,2739,1194,1038,2232,955,705,1660,778,613,1391
2022,Uganda,Eastern,Busia,UG2035,220132,204918,425050,40450,41196,81646,34323,35313,69636,29464,30018,59482,25805,25338,51143,18760,16805,35565,15394,11838,27232,13483,10094,23577,10710,8538,19248,7482,6466,13948,5982,4935,10917,4960,4126,9086,4193,3462,7655,3067,2487,5554,2071,1587,3658,1641,1111,2752,1294,870,2164,1053,734,1787
2022,Uganda,Eastern,Butaleja,UG2036,172584,164184,336768,36144,37330,73474,28723,29745,58468,23022,24007,47029,18347,18937,37284,13526,12296,25822,10630,7988,18618,9433,6854,16287,7151,5321,12472,6539,5036,11575,4832,4190,9022,3774,3579,7353,3185,2696,5881,2523,2198,4721,1540,1362,2902,1393,1123,2516,1017,826,1843,805,696,1501
2022,Uganda,Eastern,Butebo,UG2037,77302,72409,149711,15607,15972,31579,12662,12911,25573,10818,10942,21760,8755,8913,17668,6012,5592,11604,4473,3423,7896,4254,2955,7209,3388,2387,5775,2962,2126,5088,2171,1825,3996,1742,1660,3402,1244,1097,2341,1091,909,2000,753,483,1236,689,518,1207,496,364,860,185,332,517
2022,Uganda,Eastern,Buyende,UG2038,240763,230584,471347,54306,54701,109007,41135,43200,84335,31953,34098,66051,24012,24693,48705,19445,16863,36308,15418,12461,27879,13160,9810,22970,9851,7522,17373,8495,6488,14983,6143,5212,11355,5464,5035,10499,3071,3193,6264,3114,2685,5799,1515,1471,2986,1663,1402,3065,923,806,1729,1095,944,2039
2022,Uganda,Eastern,Iganga,UG2039,233090,213318,446408,40572,42106,82678,34815,35824,70639,31778,31457,63235,27699,26755,54454,21479,18289,39768,17046,13082,30128,14798,10381,25179,11702,8751,20453,9437,6920,16357,6835,5681,12516,5478,4743,10221,3253,2900,6153,2922,2352,5274,1513,1353,2866,1588,1184,2772,983,701,1684,1192,839,2031
2022,Uganda,Eastern,Jinja,UG2040,283712,270411,554123,46925,48036,94961,39804,40361,80165,36644,35634,72278,35741,33865,69606,29131,27898,57029,22822,21246,44068,17875,15670,33545,14726,12664,27390,10630,9462,20092,8741,8102,16843,6494,6222,12716,4505,3964,8469,3544,2954,6498,2069,1631,3700,1831,1242,3073,1120,739,1859,1110,721,1831
2022,Uganda,Eastern,Kaberamaido,UG2041,76995,74467,151462,14624,14519,29143,12512,12887,25399,10703,11362,22065,9237,9517,18754,5942,6120,12062,5016,4240,9256,4416,3583,7999,3469,2972,6441,2732,2251,4983,2234,1913,4147,1609,1611,3220,1136,1180,2316,899,685,1584,1063,628,1691,696,482,1178,549,361,910,158,156,314
2022,Uganda,Eastern,Kalaki,UG2042,78970,76536,155506,14886,15428,30314,13213,13768,26981,10686,11412,22098,9218,9834,19052,5758,5717,11475,4772,3876,8648,4337,3367,7704,3553,2713,6266,2749,2247,4996,2223,1988,4211,1479,1567,3046,1133,1210,2343,941,834,1775,1895,1252,3147,815,507,1322,615,392,1007,697,424,1121
2022,Uganda,Eastern,Kaliro,UG2043,164662,157934,322596,33223,33344,66567,27547,28656,56203,23048,23398,46446,17831,18807,36638,13174,12148,25322,10374,8301,18675,9309,6940,16249,7244,5420,12664,5814,4844,10658,4402,3965,8367,3612,3812,7424,2679,2581,5260,2126,2096,4222,1350,1254,2604,1326,1130,2456,849,633,1482,754,605,1359
2022,Uganda,Eastern,Kamuli,UG2044,314939,296356,611295,58919,59942,118861,51021,52893,103914,45023,46425,91448,35368,37881,73249,24746,22821,47567,19685,15631,35316,17658,12422,30080,14617,10536,25153,12453,9079,21532,9560,7520,17080,7841,6838,14679,5326,4363,9689,4531,3740,8271,2553,2108,4661,2669,1911,4580,1487,1184,2671,1482,1062,2544
2022,Uganda,Eastern,Kapchorwa,UG2045,69688,67042,136730,11176,11517,22693,10090,10669,20759,9274,9673,18947,8531,8441,16972,6243,6186,12429,4954,4041,8995,4583,3543,8126,3548,2870,6418,2787,2293,5080,2372,2055,4427,1518,1673,3191,1319,1396,2715,1060,969,2029,669,622,1291,603,451,1054,492,323,815,469,320,789
2022,Uganda,Eastern,Kapelebyong,UG2046,58380,56169,114549,11414,12362,23776,9870,9872,19742,7782,8519,16301,6490,7098,13588,4512,4441,8953,3417,2646,6063,3216,2476,5692,2647,2046,4693,2023,1678,3701,1582,1360,2942,1329,1185,2514,979,820,1799,1064,610,1674,533,436,969,512,278,790,299,252,551,711,90,801
2022,Uganda,Eastern,Katakwi,UG2047,109231,104999,214230,18568,19691,38259,17729,18278,36007,14534,15217,29751,12081,12906,24987,8710,9093,17803,6926,6009,12935,6206,5001,11207,4934,3915,8849,3962,3068,7030,3150,2524,5674,2287,2166,4453,1874,1566,3440,1741,1206,2947,3340,2150,5490,1459,1062,2521,1027,648,1675,703,499,1202
2022,Uganda,Eastern,Kibuku,UG2048,146213,135441,281654,30373,30433,60806,23862,24708,48570,20259,20401,40660,15866,16158,32024,11701,10249,21950,8605,6599,15204,8520,5442,13962,6062,4284,10346,5347,3950,9297,3717,3209,6926,3327,3126,6453,2431,2070,4501,2055,1673,3728,1342,965,2307,1292,977,2269,783,603,1386,671,594,1265
2022,Uganda,Eastern,Kumi,UG2049,162294,153130,315424,29052,29896,58948,26233,27142,53375,22002,23171,45173,17900,18972,36872,12616,12003,24619,10372,8058,18430,9767,7288,17055,7468,5821,13289,6077,4912,10989,4814,3988,8802,3973,3431,7404,3355,2563,5918,2800,1988,4788,1784,1268,3052,1645,1118,2763,1328,846,2174,1108,665,1773
2022,Uganda,Eastern,Kween,UG2050,59662,60867,120529,10844,11367,22211,9473,10219,19692,7950,8643,16593,6806,7502,14308,5138,5451,10589,4160,3953,8113,3506,3270,6776,3029,2490,5519,2298,1920,4218,1891,1735,3626,1217,1362,2579,1084,1073,2157,827,763,1590,504,450,954,325,277,602,311,200,511,299,192,491
2022,Uganda,Eastern,Luuka,UG2051,151959,137997,289956,28437,28161,56598,25026,24817,49843,21602,22336,43938,17082,18016,35098,11848,10454,22302,9148,6713,15861,8222,5515,13737,7114,4709,11823,6013,4124,10137,4724,3484,8208,3893,3127,7020,2400,1972,4372,2325,1764,4089,1311,956,2267,1345,872,2217,758,534,1292,711,443,1154
2022,Uganda,Eastern,Manafwa,UG2052,98044,92982,191026,17825,18090,35915,15474,15691,31165,13179,13304,26483,11279,11514,22793,7317,7252,14569,5720,4551,10271,5337,4152,9489,4435,3637,8072,3868,3233,7101,3369,2843,6212,2495,2355,4850,2409,2185,4594,1783,1561,3344,1195,952,2147,975,660,1635,875,603,1478,509,399,908
2022,Uganda,Eastern,Mayuge,UG2053,324208,302678,626886,63622,64682,128304,52290,54660,106950,42972,44396,87368,34283,35778,70061,28006,23576,51582,22669,17270,39939,19453,14041,33494,15633,11296,26929,12753,9173,21926,9347,7577,16924,7696,6331,14027,4732,4362,9094,4012,3490,7502,2145,2058,4203,2123,1759,3882,1150,1099,2249,1322,1130,2452
2022,Uganda,Eastern,Mbale,UG2054,341072,310321,651393,56527,56267,112794,48321,48403,96724,43488,42236,85724,41572,36719,78291,33310,30025,63335,25651,20006,45657,22068,17248,39316,16371,13472,29843,13317,11165,24482,10365,9130,19495,7943,7581,15524,6726,6180,12906,5237,4433,9670,3272,2552,5824,3004,2150,5154,2221,1542,3763,1679,1212,2891
2022,Uganda,Eastern,Namayingo,UG2055,146730,141689,288419,29652,30329,59981,24273,25314,49587,18950,20285,39235,15171,15522,30693,12245,10881,23126,10400,8271,18671,9578,7533,17111,7256,6134,13390,5361,4657,10018,4004,3471,7475,3107,2961,6068,2285,2254,4539,1800,1641,3441,957,924,1881,746,630,1376,527,444,971,418,438,856
2022,Uganda,Eastern,Namisindwa,UG2056,138327,133383,271710,26582,27368,53950,23131,23990,47121,18615,18960,37575,15088,15156,30244,10362,10120,20482,8266,6723,14989,7695,6145,13840,6184,5063,11247,5257,4475,9732,4180,3788,7968,3211,3216,6427,2949,2808,5757,2431,1965,4396,1481,1297,2778,1181,915,2096,939,781,1720,775,613,1388
2022,Uganda,Eastern,Namutumba,UG2057,174651,167162,341813,35728,36246,71974,29246,30562,59808,23767,25290,49057,18270,20260,38530,13813,12166,25979,10669,8266,18935,9788,6741,16529,7723,5418,13141,6471,4958,11429,4875,4235,9110,4142,3953,8095,2843,2574,5417,2557,2356,4913,1408,1454,2862,1486,1246,2732,946,715,1661,919,722,1641
2022,Uganda,Eastern,Ngora,UG2058,94680,87826,182506,17027,17189,34216,15200,15486,30686,12895,12942,25837,10769,11241,22010,7682,7043,14725,5921,4654,10575,5071,3960,9031,4182,3296,7478,3270,2688,5958,3061,2150,5211,2236,2062,4298,2014,1515,3529,1739,1230,2969,1041,759,1800,1075,675,1750,831,543,1374,666,393,1059
2022,Uganda,Eastern,Pallisa,UG2059,193074,182207,375281,37964,38544,76508,31684,32264,63948,27204,27510,54714,21933,23085,45018,15473,14322,29795,11753,9308,21061,10258,7715,17973,8553,6143,14696,7099,5377,12476,5401,4463,9864,4434,4072,8506,3010,2790,5800,2603,2164,4767,1687,1440,3127,1647,1217,2864,1181,965,2146,1190,828,2018
2022,Uganda,Eastern,Serere,UG2060,208369,197515,405884,40340,40424,80764,35399,36082,71481,28227,28980,57207,23489,24122,47611,16425,15641,32066,13530,11195,24725,11277,9064,20341,9179,7346,16525,7183,5893,13076,6008,4743,10751,4471,4176,8647,3543,2928,6471,3108,2379,5487,1981,1564,3545,1770,1277,3047,1356,999,2355,1083,702,1785
2022,Uganda,Eastern,Sironko,UG2061,149979,148608,298587,25671,27017,52688,21497,23106,44603,20102,21240,41342,17416,18737,36153,11174,11661,22835,8957,7752,16709,8396,6869,15265,7350,5784,13134,6190,5433,11623,5501,4962,10463,4247,4614,8861,3811,4000,7811,3021,2711,5732,2029,1622,3651,1905,1356,3261,1565,1012,2577,1147,732,1879
2022,Uganda,Eastern,Soroti,UG2062,208398,198468,406866,36813,38356,75169,32091,32832,64923,27191,26901,54092,25878,25557,51435,18891,18349,37240,15344,12797,28141,12369,10546,22915,9924,8276,18200,7256,6236,13492,6183,5107,11290,4528,4267,8795,3520,3163,6683,2818,2139,4957,1792,1488,3280,1615,1116,2731,1201,746,1947,984,592,1576
2022,Uganda,Eastern,Tororo,UG2063,338248,317168,655416,60501,61897,122398,51854,53043,104897,45944,45979,91923,39188,39899,79087,27409,26560,53969,21180,16771,37951,19810,14641,34451,15909,12016,27925,13991,10986,24977,10676,8547,19223,8610,7681,16291,6979,6380,13359,5638,4671,10309,3588,2859,6447,2946,2249,5195,2231,1670,3901,1794,1319,3113
2022,Uganda,Northern,Abim,UG3064,91700,86243,177943,16969,16592,33561,15902,15756,31658,13248,13244,26492,10684,10838,21522,8122,7389,15511,6330,5433,11763,5565,4150,9715,3897,2900,6797,2760,2486,5246,2313,2091,4404,1598,1722,3320,1411,1220,2631,1022,881,1903,699,582,1281,449,378,827,407,294,701,324,287,611
2022,Uganda,Northern,Adjumani,UG3065,130287,119716,250003,24829,26613,51442,20693,21785,42478,17062,17934,34996,13957,15217,29174,10074,9158,19232,10046,6931,16977,8635,5455,14090,6925,4343,11268,4717,3143,7860,3737,2637,6374,2711,2229,4940,2309,1581,3890,1870,1193,3063,1129,663,1792,725,392,1117,517,261,778,351,181,532
2022,Uganda,Northern,Agago,UG3066,140065,130989,271054,27090,27748,54838,23666,24690,48356,18185,18977,37162,14857,16186,31043,10352,9307,19659,8936,6669,15605,9158,6450,15608,6380,5164,11544,5144,3903,9047,4167,3105,7272,3482,2683,6165,2547,2112,4659,2107,1418,3525,1455,1039,2494,1010,619,1629,910,516,1426,619,403,1022
2022,Uganda,Northern,Alebtong,UG3067,150372,142565,292937,26866,27326,54192,23909,24780,48689,20612,21381,41993,17486,18321,35807,12114,10880,22994,10067,7984,18051,8590,6596,15186,6807,5724,12531,5501,4251,9752,4745,3824,8569,3557,3172,6729,2899,2788,5687,2560,2122,4682,1744,1374,3118,1248,874,2122,974,682,1656,693,486,1179
2022,Uganda,Northern,Amolatar,UG3068,101668,99576,201244,17973,18376,36349,16414,17058,33472,13728,14297,28025,11882,12108,23990,8588,8609,17197,7165,6284,13449,6085,5069,11154,4893,4166,9059,3903,3336,7239,3157,2843,6000,2344,2212,4556,1706,1811,3517,1392,1240,2632,880,812,1692,649,557,1206,493,403,896,416,395,811
2022,Uganda,Northern,Amudat,UG3069,74726,78084,152810,15029,14257,29286,14605,14633,29238,11011,12846,23857,7509,9328,16837,5961,6268,12229,5628,4822,10450,4589,4236,8825,3095,2996,6091,2082,2249,4331,1572,1992,3564,1008,1271,2279,836,1029,1865,922,1035,1957,400,485,885,211,358,569,152,151,303,116,128,244
2022,Uganda,Northern,Amuru,UG3070,122066,116023,238089,23284,23892,47176,20438,21210,41648,16971,17947,34918,12619,13658,26277,10166,9299,19465,7997,6774,14771,7488,5358,12846,5867,4701,10568,4484,3360,7844,3432,2763,6195,2643,2304,4947,2057,1678,3735,1667,1156,2823,1179,745,1924,749,502,1251,578,354,932,447,322,769
2022,Uganda,Northern,Apac,UG3071,129270,125101,254371,21984,22531,44515,20129,20486,40615,17785,18290,36075,15267,15817,31084,11519,11084,22603,9380,8321,17701,7931,6724,14655,6321,5406,11727,4786,4034,8820,3641,3174,6815,2634,2482,5116,1915,1960,3875,1675,1442,3117,1974,1465,3439,975,769,1744,793,626,1419,561,490,1051
2022,Uganda,Northern,Arua,UG3072,430295,390724,821019,72702,75054,147756,63799,65305,129104,55193,55179,110372,51234,48501,99735,37912,33657,71569,33283,25876,59159,27328,20257,47585,22300,16551,38851,16025,11813,27838,14608,10700,25308,10058,8662,18720,8923,7150,16073,6200,4587,10787,4461,3031,7492,2810,2056,4866,2104,1331,3435,1355,1014,2369
2022,Uganda,Northern,Dokolo,UG3073,121830,116050,237880,20982,21445,42427,19344,19819,39163,17227,17941,35168,14800,15277,30077,9829,9132,18961,8428,6710,15138,6846,5463,12309,5618,4497,10115,4436,3586,8022,3694,2981,6675,2815,2568,5383,2327,2381,4708,1856,1589,3445,1275,1039,2314,981,671,1652,797,557,1354,575,394,969
2022,Uganda,Northern,Gulu,UG3074,184352,175462,359814,29535,30752,60287,25515,26227,51742,23881,23908,47789,23055,22043,45098,19034,18437,37471,15680,14179,29859,12783,10902,23685,9123,8436,17559,6672,5663,12335,5032,4323,9355,3984,3328,7312,3183,2621,5804,2361,1807,4168,1598,928,2526,1141,710,1851,990,578,1568,785,620,1405
2022,Uganda,Northern,Kaabong,UG3075,72551,62646,135197,10642,11265,21907,11582,11115,22697,9130,8890,18020,8580,8243,16823,6884,4502,11386,6642,4162,10804,5922,4407,10329,2866,2485,5351,2327,1956,4283,2238,1687,3925,1753,1189,2942,1691,707,2398,1135,882,2017,500,476,976,326,329,655,216,174,390,117,177,294
2022,Uganda,Northern,Karenga,UG3076,38411,35699,74110,8534,6746,15280,6685,6046,12731,4768,4544,9312,3908,3857,7765,2712,3338,6050,2730,2861,5591,2459,2270,4729,1582,1346,2928,1243,983,2226,1039,879,1918,795,896,1691,577,691,1268,519,529,1048,352,292,644,213,186,399,135,112,247,160,123,283
2022,Uganda,Northern,Kitgum,UG3077,123943,116775,240718,21927,22574,44501,19601,20478,40079,15756,16211,31967,14187,15042,29229,10032,9654,19686,8836,7028,15864,7948,6085,14033,5929,4985,10914,4614,3568,8182,3587,2798,6385,3012,2364,5376,2517,1928,4445,2076,1468,3544,1390,930,2320,983,680,1663,866,508,1374,682,474,1156
2022,Uganda,Northern,Koboko,UG3078,147198,143448,290646,27538,29394,56932,24248,25139,49387,19115,20157,39272,16796,17896,34692,12731,12304,25035,11229,9541,20770,9246,6829,16075,7953,6039,13992,4686,4015,8701,4113,3534,7647,2618,2708,5326,2611,2248,4859,1704,1466,3170,1089,948,2037,715,581,1296,480,386,866,326,263,589
2022,Uganda,Northern,Kole,UG3079,161032,153827,314859,28605,29604,58209,25425,25824,51249,21848,22692,44540,19667,19793,39460,13430,12990,26420,10719,9374,20093,9103,7304,16407,7279,6065,13344,6047,4684,10731,4482,3805,8287,3106,2966,6072,2229,2397,4626,1853,1376,3229,3822,2507,6329,1480,1026,2506,1123,829,1952,814,591,1405
2022,Uganda,Northern,Kotido,UG3080,109262,98463,207725,20066,19207,39273,18703,16999,35702,14037,13803,27840,11966,11989,23955,9010,8505,17515,9241,7197,16438,7030,5390,12420,5019,3591,8610,3618,2718,6336,3423,2692,6115,2131,2088,4219,1919,1426,3345,1186,1148,2334,805,616,1421,496,526,1022,346,280,626,266,288,554
2022,Uganda,Northern,Kwania,UG3081,122072,116387,238459,21487,21236,42723,19622,19710,39332,17148,17656,34804,14248,15022,29270,10327,10011,20338,8236,7344,15580,7036,5547,12583,5578,4673,10251,4536,3570,8106,3232,2936,6168,2357,2250,4607,1811,1837,3648,1636,1335,2971,2348,1573,3921,949,668,1617,887,561,1448,634,458,1092
2022,Uganda,Northern,Lamwo,UG3082,79464,74184,153648,14562,15125,29687,13191,13815,27006,10357,10835,21192,8049,8896,16945,5954,5285,11239,5425,4092,9517,5134,3595,8729,3747,3075,6822,2898,2268,5166,2406,1822,4228,1829,1522,3351,1717,1268,2985,1296,877,2173,979,645,1624,796,424,1220,681,394,1075,443,246,689
2022,Uganda,Northern,Lira,UG3083,273507,253927,527434,44549,44991,89540,39075,39276,78351,36208,34418,70626,34630,33033,67663,26926,24467,51393,23891,19844,43735,17578,15082,32660,13227,11823,25050,9721,7942,17663,7373,6279,13652,5593,4903,10496,4426,3926,8352,3734,2961,6695,2423,1945,4368,1761,1251,3012,1293,951,2244,1099,835,1934
2022,Uganda,Northern,Madi Okollo,UG3084,96583,91227,187810,17039,17788,34827,14279,15022,29301,11716,12836,24552,10543,11339,21882,8089,7542,15631,7045,5756,12801,6400,4364,10764,5284,3713,8997,3886,2748,6634,3535,2541,6076,2505,2306,4811,2173,1969,4142,1545,1306,2851,1077,859,1936,669,503,1172,473,398,871,325,237,562
2022,Uganda,Northern,Maracha,UG3085,119897,106223,226120,21588,22073,43661,18350,19404,37754,14584,16207,30791,12745,12540,25285,9384,7227,16611,8089,5684,13773,7760,4759,12519,6425,3805,10230,4797,3036,7833,4310,2859,7169,3057,2553,5610,3047,2150,5197,2069,1433,3502,1643,1121,2764,985,693,1678,637,402,1039,427,277,704
2022,Uganda,Northern,Moroto,UG3086,67515,62076,129591,13209,12576,25785,11247,10970,22217,7868,7804,15672,6837,6359,13196,5867,5178,11045,5331,4777,10108,4603,4196,8799,2816,2552,5368,2161,1914,4075,1763,1482,3245,1371,1185,2556,1098,850,1948,1374,930,2304,983,628,1611,458,357,815,323,150,473,206,168,374
2022,Uganda,Northern,Moyo,UG3087,46931,45253,92184,7184,7318,14502,7099,7473,14572,6282,6651,12933,5391,5851,11242,3778,4147,7925,3403,2908,6311,3069,2327,5396,2579,2018,4597,1815,1495,3310,1786,1404,3190,1266,1210,2476,1248,968,2216,758,633,1391,562,395,957,355,214,569,216,150,366,140,91,231
2022,Uganda,Northern,Nabilatuk,UG3088,54846,48185,103031,10061,9292,19353,9619,9009,18628,7405,7117,14522,6706,6477,13183,3972,3860,7832,4259,3199,7458,3278,2565,5843,1891,1533,3424,1480,1057,2537,1314,1049,2363,950,777,1727,941,541,1482,1056,632,1688,1038,492,1530,414,313,727,254,134,388,208,138,346
2022,Uganda,Northern,Nakapiripirit,UG3089,66990,61707,128697,12294,12073,24367,10905,10378,21283,7979,7969,15948,7352,7145,14497,5313,5118,10431,5424,4586,10010,4965,3956,8921,2673,2209,4882,2024,1758,3782,1671,1495,3166,1247,1223,2470,1061,894,1955,1692,1314,3006,1331,759,2090,581,435,1016,302,221,523,176,174,350
2022,Uganda,Northern,Napak,UG3090,92816,78584,171400,17284,16843,34127,15393,14854,30247,10677,10754,21431,9513,9230,18743,6594,5625,12219,7500,5080,12580,5961,3904,9865,3845,2504,6349,2946,1872,4818,2707,1684,4391,2339,1439,3778,1811,1109,2920,2409,1413,3822,2008,1078,3086,847,574,1421,598,365,963,384,256,640
2022,Uganda,Northern,Nebbi,UG3091,162079,148896,310975,28953,29790,58743,24571,25860,50431,21288,22243,43531,18307,18097,36404,13066,11979,25045,10518,8214,18732,9676,6714,16390,7356,5256,12612,6339,4598,10937,5135,4071,9206,3883,3389,7272,3177,2663,5840,2385,1658,4043,4039,2221,6260,1518,873,2391,1171,766,1937,697,504,1201
2022,Uganda,Northern,Nwoya,UG3092,151847,147364,299211,30518,30326,60844,23877,25684,49561,19736,21045,40781,16087,17054,33141,12213,11877,24090,9883,9035,18918,9476,7416,16892,7032,6560,13592,5722,4664,10386,4137,3642,7779,3729,3141,6870,2912,2477,5389,2310,1628,3938,1524,1162,2686,1089,637,1726,908,582,1490,694,434,1128
2022,Uganda,Northern,Obongi,UG3093,13924,14035,27959,2568,2755,5323,2266,2535,4801,1883,1991,3874,1549,1791,3340,1108,1108,2216,1033,872,1905,875,669,1544,743,539,1282,543,450,993,425,378,803,279,309,588,242,275,517,153,160,313,109,93,202,75,53,128,51,36,87,22,21,43
2022,Uganda,Northern,Omoro,UG3094,112151,107458,219609,19679,20659,40338,17838,18280,36118,15181,16402,31583,12807,14093,26900,9086,8682,17768,7366,6238,13604,6864,5100,11964,5456,4294,9750,4422,3360,7782,3417,2793,6210,2625,2167,4792,2251,1960,4211,1757,1272,3029,1203,871,2074,864,515,1379,774,430,1204,561,342,903
2022,Uganda,Northern,Otuke,UG3095,77390,74250,151640,14478,14871,29349,12322,12596,24918,9913,10726,20639,8743,9274,18017,6065,5487,11552,5490,4327,9817,4601,3741,8342,3390,2943,6333,2823,2330,5153,2329,1996,4325,1908,1678,3586,1549,1450,2999,1308,1026,2334,866,746,1612,681,457,1138,558,366,924,366,236,602
2022,Uganda,Northern,Oyam,UG3096,257611,244097,501708,46813,47697,94510,40612,41713,82325,34619,35737,70356,30499,30491,60990,21322,20125,41447,17827,15257,33084,15213,12069,27282,12119,9767,21886,9593,7512,17105,7595,6178,13773,5657,4818,10475,4545,4133,8678,3836,3105,6941,2695,2114,4809,1854,1262,3116,1558,1180,2738,1254,939,2193
2022,Uganda,Northern,Pader,UG3097,109738,103524,213262,19521,20234,39755,17936,18468,36404,14846,15499,30345,12141,13530,25671,8610,7810,16420,7628,5818,13446,7259,5200,12459,5213,4252,9465,4061,3169,7230,3338,2522,5860,2429,2205,4634,1968,1683,3651,1465,1062,2527,1079,730,1809,819,454,1273,682,385,1067,743,503,1246
2022,Uganda,Northern,Pakwach,UG3098,115672,107468,223140,21741,22024,43765,17607,18222,35829,14018,14758,28776,12804,13014,25818,9627,9096,18723,8165,6456,14621,7291,5427,12718,5381,4210,9591,4474,3399,7873,3642,2713,6355,2683,2419,5102,2136,1754,3890,1721,1177,2898,2405,1523,3928,905,577,1482,637,398,1035,435,301,736
2022,Uganda,Northern,Yumbe,UG3099,405116,365318,770434,70333,67289,137622,85097,77788,162885,69597,63484,133081,44360,44665,89025,27700,24648,52348,26333,18624,44957,21347,15369,36716,18332,13464,31796,10592,9381,19973,8750,8491,17241,4630,6278,10908,5663,4794,10457,3245,3141,6386,5596,4303,9899,1610,1705,3315,1273,1166,2439,658,728,1386
2022,Uganda,Northern,Zombo,UG3100,162586,150065,312651,30370,31045,61415,26126,27598,53724,21192,22993,44185,16162,16306,32468,11579,10039,21618,10230,7857,18087,10002,6938,16940,7239,5581,12820,6512,4819,11331,5197,4169,9366,3723,3434,7157,2933,2632,5565,1921,1438,3359,5537,2832,8369,1873,1084,2957,1328,791,2119,662,509,1171
2022,Uganda,Western,Buhweju,UG4101,81862,77973,159835,15125,15318,30443,13585,13305,26890,10513,10715,21228,8570,8732,17302,7089,6848,13937,6059,5303,11362,4813,4168,8981,3823,3309,7132,3204,2391,5595,2410,2077,4487,1884,1651,3535,1632,1451,3083,1130,987,2117,673,561,1234,562,510,1072,426,338,764,364,309,673
2022,Uganda,Western,Buliisa,UG4102,83975,87281,171256,16645,17517,34162,12555,13665,26220,10009,10626,20635,9159,8771,17930,7721,9336,17057,6790,7991,14781,5614,5413,11027,3864,3768,7632,3167,2758,5925,2342,2025,4367,1957,1738,3695,1328,1410,2738,1091,926,2017,585,513,1098,504,342,846,305,239,544,339,243,582
2022,Uganda,Western,Bundibugyo,UG4103,150814,140298,291112,29653,29888,59541,23084,23763,46847,18581,18362,36943,17199,15641,32840,13592,11934,25526,11527,9520,21047,9662,7508,17170,7313,5986,13299,5156,4271,9427,3940,3542,7482,3296,2853,6149,2233,2186,4419,2287,2013,4300,1161,1072,2233,1005,870,1875,534,459,993,591,430,1021
2022,Uganda,Western,Bunyangabu,UG4104,108478,105389,213867,19959,20543,40502,16934,17708,34642,13552,14293,27845,11735,12682,24417,9111,9214,18325,8039,7199,15238,6725,5595,12320,5409,4411,9820,3828,3335,7163,2947,2556,5503,2794,2214,5008,2350,1843,4193,1721,1381,3102,1122,873,1995,966,731,1697,727,523,1250,559,288,847
2022,Uganda,Western,Bushenyi,UG4105,135750,128498,264248,20015,20790,40805,18175,18961,37136,17019,17607,34626,17429,17206,34635,12477,12518,24995,10537,8922,19459,8935,7043,15978,7626,5963,13589,5645,4607,10252,4526,3770,8296,3619,3119,6738,2817,2485,5302,2217,1780,3997,1512,1152,2664,1339,1100,2439,942,779,1721,920,696,1616
2022,Uganda,Western,Hoima,UG4106,209711,205126,414837,38365,39696,78061,29528,31140,60668,24591,25692,50283,24345,22568,46913,20712,20084,40796,17758,15962,33720,14099,13090,27189,10596,9811,20407,7867,7462,15329,5933,5644,11577,4342,4500,8842,3553,3235,6788,2727,2234,4961,1847,1408,3255,1440,1070,2510,1154,800,1954,854,730,1584
2022,Uganda,Western,Ibanda,UG4107,154449,145553,300002,25100,25439,50539,22361,23162,45523,19166,19564,38730,17465,17728,35193,13459,13449,26908,11467,10008,21475,10052,8147,18199,8522,6626,15148,6511,5195,11706,5191,4308,9499,4131,3479,7610,3405,2886,6291,2699,2044,4743,1685,1246,2931,1385,973,2358,981,662,1643,869,637,1506
2022,Uganda,Western,Isingiro,UG4108,345539,322085,667624,63715,63825,127540,54445,55196,109641,44358,45599,89957,34032,35006,69038,26865,25363,52228,24943,19514,44457,23488,17460,40948,18631,14071,32702,14569,11340,25909,10870,9615,20485,9062,8292,17354,6388,5917,12305,5238,4167,9405,3164,2478,5642,2518,1840,4358,1572,1108,2680,1681,1294,2975
2022,Uganda,Western,Kabale,UG4109,135083,122946,258029,20603,20728,41331,17086,17847,34933,15963,16072,32035,15848,15013,30861,12482,11965,24447,10418,9065,19483,9486,7442,16928,7334,5622,12956,5881,4353,10234,4775,3515,8290,4277,3120,7397,3036,2709,5745,2688,1946,4634,1612,1220,2832,1552,991,2543,992,642,1634,1050,696,1746
2022,Uganda,Western,Kabarole,UG4110,183704,183390,367094,31042,32587,63629,25944,26832,52776,21721,22111,43832,21051,21479,42530,17937,18826,36763,15164,14671,29835,12799,12002,24801,9297,9267,18564,6516,6578,13094,4920,4645,9565,4643,4031,8674,3526,3157,6683,3087,2580,5667,1871,1643,3514,1726,1262,2988,1124,754,1878,1336,965,2301
2022,Uganda,Western,Kagadi,UG4111,246645,234897,481542,52070,51857,103927,39077,39825,78902,30795,31975,62770,26104,26753,52857,20954,20094,41048,17521,15195,32716,16050,12933,28983,11471,9511,20982,8918,7175,16093,6469,5435,11904,5221,4482,9703,3931,3521,7452,3230,2572,5802,1690,1374,3064,1397,1024,2421,863,610,1473,884,561,1445
2022,Uganda,Western,Kakumiro,UG4112,290555,290930,581485,63479,64226,127705,45373,46785,92158,35491,36282,71773,28758,30281,59039,25563,25249,50812,23020,21419,44439,18904,17719,36623,13542,13109,26651,10231,9520,19751,7529,7720,15249,5751,6316,12067,4488,4833,9321,3244,3131,6375,1869,1758,3627,1484,1206,2690,1003,756,1759,826,620,1446
2022,Uganda,Western,Kamwenge,UG4113,206127,196127,402254,42305,42718,85023,32701,33151,65852,24110,25489,49599,19522,20489,40011,17508,16111,33619,15897,13425,29322,14008,11139,25147,10129,8541,18670,7795,6288,14083,6164,4987,11151,4847,4516,9363,3884,3314,7198,3090,2529,5619,1523,1408,2931,1262,971,2233,661,543,1204,721,508,1229
2022,Uganda,Western,Kanungu,UG4114,155873,143153,299026,25498,25961,51459,23221,23621,46842,19701,20183,39884,17195,17668,34863,12778,11665,24443,11281,9088,20369,10607,7626,18233,8382,6244,14626,6449,4932,11381,5166,4068,9234,4381,3556,7937,3613,2878,6491,2709,2203,4912,1795,1363,3158,1323,903,2226,889,610,1499,885,584,1469
2022,Uganda,Western,Kasese,UG4115,445929,420419,866348,84597,86855,171452,67666,70218,137884,55716,56912,112628,49109,48527,97636,40533,36499,77032,34578,27517,62095,29049,22804,51853,22219,17586,39805,16851,13402,30253,12363,10441,22804,10884,9623,20507,7006,6641,13647,6323,5511,11834,2920,2894,5814,2972,2393,5365,1475,1237,2712,1668,1359,3027
2022,Uganda,Western,Kazo,UG4116,125188,123021,248209,22141,22743,44884,18873,19603,38476,15555,16531,32086,13372,14370,27742,9999,10134,20133,9045,8150,17195,8211,6811,15022,6756,5339,12095,5507,4357,9864,4371,3882,8253,3560,3647,7207,2539,2624,5163,1875,1858,3733,1131,1046,2177,1002,861,1863,557,454,1011,694,611,1305
2022,Uganda,Western,Kibaale,UG4117,116054,116433,232487,25919,26477,52396,18635,19077,37712,14129,14880,29009,11795,12597,24392,10282,10278,20560,8578,8317,16895,7224,6581,13805,5345,4810,10155,4009,3717,7726,2881,2737,5618,2218,2399,4617,1702,1794,3496,1219,1032,2251,662,637,1299,638,460,1098,410,336,746,408,304,712
2022,Uganda,Western,Kikuube,UG4118,205898,212557,418455,43303,44276,87579,32193,34234,66427,24940,26954,51894,20173,21894,42067,18282,18488,36770,16210,15411,31621,14034,13300,27334,10206,9953,20159,7415,7847,15262,5548,5770,11318,4178,4588,8766,3041,3453,6494,2321,2507,4828,1410,1556,2966,1146,1115,2261,717,639,1356,781,572,1353
2022,Uganda,Western,Kiruhura,UG4119,98549,105127,203676,17423,18223,35646,13551,14570,28121,11531,12255,23786,10560,11601,22161,8637,9762,18399,8166,8573,16739,7046,7020,14066,5556,5692,11248,4178,4464,8642,3305,3631,6936,2695,3139,5834,1957,2281,4238,1387,1484,2871,785,916,1701,762,679,1441,445,411,856,565,426,991
2022,Uganda,Western,Kiryandongo,UG4120,174043,172293,346336,34036,35734,69770,27378,29216,56594,23045,24030,47075,19378,20777,40155,15183,15071,30254,12868,11194,24062,11365,8985,20350,8097,6918,15015,6231,5414,11645,4759,4171,8930,3592,3470,7062,2715,2635,5350,2057,1910,3967,1273,1077,2350,913,762,1675,640,485,1125,513,444,957
2022,Uganda,Western,Kisoro,UG4121,189629,152794,342423,33138,33555,66693,27810,27757,55567,22971,22696,45667,21323,18287,39610,16028,10524,26552,13850,8066,21916,13155,6804,19959,8652,4954,13606,7491,3910,11401,5959,3447,9406,5366,3525,8891,4129,2892,7021,3625,2326,5951,1904,1456,3360,1859,1135,2994,1030,731,1761,1339,729,2068
2022,Uganda,Western,Kitagwenda,UG4122,92530,86979,179509,16754,16936,33690,14542,15050,29592,11572,12010,23582,9079,9756,18835,7322,6840,14162,6761,5336,12097,6005,4583,10588,5023,3788,8811,3751,3015,6766,3025,2403,5428,2510,2140,4650,2033,1753,3786,1618,1269,2887,954,816,1770,696,616,1312,458,343,801,427,325,752
2022,Uganda,Western,Kyegegwa,UG4123,269497,266699,536196,57280,57964,115244,41688,42890,84578,32851,34929,67780,27117,28346,55463,23826,22699,46525,20359,18402,38761,17433,15351,32784,12711,11757,24468,9682,8820,18502,7357,7109,14466,5208,5868,11076,3801,3993,7794,2490,2633,5123,3946,3016,6962,1729,1388,3117,1070,809,1879,949,725,1674
2022,Uganda,Western,Kyenjojo,UG4124,297046,293989,591035,60585,62551,123136,46212,47866,94078,36012,37931,73943,31135,33279,64414,25847,26507,52354,21474,20517,41991,19218,16657,35875,13928,12247,26175,10446,9350,19796,7402,6723,14125,6125,5754,11879,4637,4312,8949,3677,2995,6672,4686,3259,7945,2484,1783,4267,1603,1236,2839,1575,1022,2597
2022,Uganda,Western,Masindi,UG4125,184697,190294,374991,34117,34878,68995,27407,28176,55583,22115,22890,45005,20409,21230,41639,17696,19738,37434,15197,15934,31131,12474,12043,24517,9642,9318,18960,6808,7129,13937,5236,5377,10613,3801,4386,8187,3237,3182,6419,2256,2163,4419,1474,1470,2944,1227,1061,2288,865,726,1591,736,593,1329
2022,Uganda,Western,Mbarara,UG4126,221338,209151,430489,33826,35022,68848,27648,28262,55910,24319,23575,47894,25820,23886,49706,25429,24494,49923,21569,18822,40391,16280,14260,30540,12743,11031,23774,8998,8043,17041,6799,6562,13361,5055,5035,10090,3900,3632,7532,2904,2452,5356,1950,1442,3392,1779,1046,2825,1115,756,1871,1204,831,2035
2022,Uganda,Western,Mitooma,UG4127,109674,97210,206884,18231,19320,37551,16016,16695,32711,13743,14173,27916,12722,12630,25352,8458,7066,15524,7555,5270,12825,6866,4341,11207,5915,3557,9472,4572,3020,7592,3846,2565,6411,3336,2232,5568,2527,1963,4490,2007,1449,3456,1254,983,2237,1134,833,1967,748,569,1317,744,544,1288
2022,Uganda,Western,Ntoroko,UG4128,40867,41972,82839,7915,8274,16189,6156,6459,12615,4922,5306,10228,4688,4743,9431,3591,3696,7287,3233,3100,6333,2831,2605,5436,1970,2003,3973,1468,1481,2949,1105,1077,2182,972,1086,2058,624,726,1350,510,600,1110,273,299,572,292,260,552,140,112,252,177,145,322
2022,Uganda,Western,Ntungamo,UG4129,305480,281000,586480,53171,53894,107065,45443,46129,91572,38412,39186,77598,33702,33698,67400,24236,23023,47259,21300,17696,38996,19730,14770,34500,16206,11895,28101,12757,9421,22178,10287,8070,18357,8816,7160,15976,6616,5542,12158,5192,3990,9182,3209,2412,5621,2812,1816,4628,1760,1193,2953,1831,1105,2936
2022,Uganda,Western,Rubanda,UG4130,123394,107722,231116,20931,21187,42118,17688,17834,35522,15337,15399,30736,13614,12625,26239,10170,8976,19146,8736,6595,15331,8177,5690,13867,6386,4350,10736,5282,3208,8490,4250,2757,7007,3844,2729,6573,2979,2177,5156,2248,1629,3877,1209,979,2188,1071,726,1797,688,439,1127,784,422,1206
2022,Uganda,Western,Rubirizi,UG4131,81789,74389,156178,13864,14467,28331,12449,12933,25382,10897,11288,22185,8448,8652,17100,6293,5600,11893,5962,4317,10279,5359,3664,9023,4551,3141,7692,3488,2455,5943,2639,2038,4677,2075,1680,3755,1857,1402,3259,1453,982,2435,890,630,1520,750,540,1290,420,344,764,394,256,650
2022,Uganda,Western,Rukiga,UG4132,58026,53059,111085,8944,9081,18025,8108,8142,16250,6992,7162,14154,6335,6518,12853,4781,4448,9229,4093,3485,7578,3686,2819,6505,3111,2322,5433,2556,1819,4375,2271,1618,3889,1948,1545,3493,1606,1376,2982,1247,1096,2343,735,614,1349,650,423,1073,466,312,778,497,279,776
2022,Uganda,Western,Rukungiri,UG4133,186423,169023,355446,29350,30376,59726,26112,27165,53277,23429,23740,47169,21949,21750,43699,14750,14095,28845,12802,9920,22722,12148,8498,20646,10042,7086,17128,8202,5687,13889,6565,4954,11519,5679,4376,10055,4627,3725,8352,3575,2651,6226,2350,1738,4088,2083,1391,3474,1394,956,2350,1366,915,2281
2022,Uganda,Western,Rwampara,UG4134,78361,74409,152770,13023,13784,26807,11802,11955,23757,9987,10454,20441,8542,8978,17520,6535,6351,12886,5664,4929,10593,4924,3967,8891,4070,3140,7210,3292,2494,5786,2664,2236,4900,2320,1812,4132,1638,1479,3117,1297,1028,2325,862,628,1490,671,472,1143,515,340,855,555,362,917
2022,Uganda,Western,Sheema,UG4135,122874,112247,235121,18045,18118,36163,16417,16759,33176,15527,16151,31678,14719,14840,29559,10331,10239,20570,8957,7267,16224,8013,5735,13748,7195,4998,12193,5356,4153,9509,4553,3617,8170,3841,2931,6772,2831,2381,5212,2283,1659,3942,1563,1140,2703,1383,916,2299,944,700,1644,916,643,1559
