id,location_name,sector,subsector,pollutant,emissions_quantity_tonnes,latitude,longitude,year
32439238,Tororo Cement Plant,manufacturing,cement,pm2_5,7904.77,0.6604,34.1568,2024
1377014,Kampala City council,buildings,residential-onsite-fuel-usage,pm2_5,6363.36,0.3172,32.5898,2025
1377014,Kampala City council,buildings,residential-onsite-fuel-usage,pm2_5,6359.83,0.3172,32.5898,2024
1377133,Jinja County,buildings,residential-onsite-fuel-usage,pm2_5,5893.33,0.4351,32.5865,2025
1377133,Jinja County,buildings,residential-onsite-fuel-usage,pm2_5,5860.26,0.4351,32.5865,2024
32439238,Tororo Cement Plant,manufacturing,cement,pm2_5,5451.82,0.6604,34.1568,2025
1377131,Busiiro County,buildings,residential-onsite-fuel-usage,pm2_5,4550.14,0.2874,32.4738,2025
1377131,Busiiro County,buildings,residential-onsite-fuel-usage,pm2_5,4497.51,0.2874,32.4738,2024
32439238,Tororo Cement Plant,manufacturing,cement,pm2_5,3342.15,0.6604,34.1568,2026
1377014,Kampala City council,buildings,residential-onsite-fuel-usage,pm2_5,3155.4,0.3172,32.5898,2026
1377133,Jinja County,buildings,residential-onsite-fuel-usage,pm2_5,2929.11,0.4351,32.5865,2026
1897931,Hima Cement Plant,manufacturing,cement,pm2_5,2422.18,0.2918,30.1824,2025
1897931,Hima Cement Plant,manufacturing,cement,pm2_5,2360.51,0.2918,30.1824,2024
1377131,Busiiro County,buildings,residential-onsite-fuel-usage,pm2_5,2275.8,0.2874,32.4738,2026
1377059,Bukoto County,buildings,residential-onsite-fuel-usage,pm2_5,2012.95,-0.4492,31.3976,2025
1377093,Mukono County,buildings,residential-onsite-fuel-usage,pm2_5,1982.89,0.3292,32.7791,2025
1377093,Mukono County,buildings,residential-onsite-fuel-usage,pm2_5,1953.43,0.3292,32.7791,2024
1377059,Bukoto County,buildings,residential-onsite-fuel-usage,pm2_5,1944.8,-0.4492,31.3976,2024
1376972,Oyam County,buildings,residential-onsite-fuel-usage,pm2_5,1788.28,2.349,32.4234,2025
1376980,Bukooli County,buildings,residential-onsite-fuel-usage,pm2_5,1757.82,0.4371,33.7844,2025
1376972,Oyam County,buildings,residential-onsite-fuel-usage,pm2_5,1715.24,2.349,32.4234,2024
1376980,Bukooli County,buildings,residential-onsite-fuel-usage,pm2_5,1674.21,0.4371,33.7844,2024
1377134,Aringa County,buildings,residential-onsite-fuel-usage,pm2_5,1630.57,3.4924,31.2846,2025
1377125,Soroti County,buildings,residential-onsite-fuel-usage,pm2_5,1592.13,1.7908,33.6061,2025
1377134,Aringa County,buildings,residential-onsite-fuel-usage,pm2_5,1564.18,3.4924,31.2846,2024
1377125,Soroti County,buildings,residential-onsite-fuel-usage,pm2_5,1517.8,1.7908,33.6061,2024
1377050,Erute County,buildings,residential-onsite-fuel-usage,pm2_5,1500.65,2.335,32.9387,2025
1377053,Moroto County,buildings,residential-onsite-fuel-usage,pm2_5,1491.1,2.2694,33.3212,2025
1377046,Mwenge County,buildings,residential-onsite-fuel-usage,pm2_5,1488.16,0.6456,30.6585,2025
1377088,Buwekula County,buildings,residential-onsite-fuel-usage,pm2_5,1486.88,0.5168,31.4108,2025
1567100,Tembo Steels Iganga plant,manufacturing,iron-and-steel,pm2_5,1476.89,0.6155,33.458,2024
1377050,Erute County,buildings,residential-onsite-fuel-usage,pm2_5,1451.11,2.335,32.9387,2024
1376988,Samia-Bugwe County,buildings,residential-onsite-fuel-usage,pm2_5,1439.37,0.4079,34.0146,2025
1377053,Moroto County,buildings,residential-onsite-fuel-usage,pm2_5,1430.94,2.2694,33.3212,2024
1377046,Mwenge County,buildings,residential-onsite-fuel-usage,pm2_5,1413.69,0.6456,30.6585,2024
1377088,Buwekula County,buildings,residential-onsite-fuel-usage,pm2_5,1411.3,0.5168,31.4108,2024
1377027,Amuria County,buildings,residential-onsite-fuel-usage,pm2_5,1395.87,1.9835,33.7075,2025
1376988,Samia-Bugwe County,buildings,residential-onsite-fuel-usage,pm2_5,1380.72,0.4079,34.0146,2024
1377026,Busongora County,buildings,residential-onsite-fuel-usage,pm2_5,1365.53,0.1386,30.1383,2025
1377026,Busongora County,buildings,residential-onsite-fuel-usage,pm2_5,1335.66,0.1386,30.1383,2024
1377027,Amuria County,buildings,residential-onsite-fuel-usage,pm2_5,1321.96,1.9835,33.7075,2024
1377045,Kyaka County,buildings,residential-onsite-fuel-usage,pm2_5,1302.45,0.4832,31.0007,2025
1567100,Tembo Steels Iganga plant,manufacturing,iron-and-steel,pm2_5,1296.54,0.6155,33.458,2025
1377045,Kyaka County,buildings,residential-onsite-fuel-usage,pm2_5,1222.53,0.4832,31.0007,2024
1376994,Bugahya County,buildings,residential-onsite-fuel-usage,pm2_5,1218.36,1.5331,31.2461,2025
1376994,Bugahya County,buildings,residential-onsite-fuel-usage,pm2_5,1164.31,1.5331,31.2461,2024
1377021,Kinkiizi County,buildings,residential-onsite-fuel-usage,pm2_5,1160.31,-0.7462,29.7243,2025
1376974,Ayivu County,buildings,residential-onsite-fuel-usage,pm2_5,1133.04,3.0509,30.8914,2025
1376974,Ayivu County,buildings,residential-onsite-fuel-usage,pm2_5,1124.39,3.0509,30.8914,2024
1377019,Kibale County,buildings,residential-onsite-fuel-usage,pm2_5,1117.44,0.309,30.6093,2025
1377015,Budiope County,buildings,residential-onsite-fuel-usage,pm2_5,1103.23,1.2356,33.1704,2025
1377114,Kooki County,buildings,residential-onsite-fuel-usage,pm2_5,1101.56,-0.6871,31.3193,2025
1377021,Kinkiizi County,buildings,residential-onsite-fuel-usage,pm2_5,1101.17,-0.7462,29.7243,2024
1377105,Agago County,buildings,residential-onsite-fuel-usage,pm2_5,1078.83,2.9479,33.3861,2025
1376978,Terego County,buildings,residential-onsite-fuel-usage,pm2_5,1069.85,3.1847,31.1923,2025
1377015,Budiope County,buildings,residential-onsite-fuel-usage,pm2_5,1061.49,1.2356,33.1704,2024
1376969,Kole County,buildings,residential-onsite-fuel-usage,pm2_5,1060.89,2.3017,32.7356,2025
1376970,Kwania County,buildings,residential-onsite-fuel-usage,pm2_5,1057.68,1.8865,32.7679,2025
1377072,Ibanda County,buildings,residential-onsite-fuel-usage,pm2_5,1056.37,-0.0599,30.4923,2025
1377019,Kibale County,buildings,residential-onsite-fuel-usage,pm2_5,1056.11,0.309,30.6093,2024
1377091,Buikwe County,buildings,residential-onsite-fuel-usage,pm2_5,1054.86,0.3117,33.0147,2025
1377074,Kashari County,buildings,residential-onsite-fuel-usage,pm2_5,1046.1,-0.4175,30.5739,2025
1377114,Kooki County,buildings,residential-onsite-fuel-usage,pm2_5,1045.57,-0.6871,31.3193,2024
1377091,Buikwe County,buildings,residential-onsite-fuel-usage,pm2_5,1039.45,0.3117,33.0147,2024
1376978,Terego County,buildings,residential-onsite-fuel-usage,pm2_5,1028.79,3.1847,31.1923,2024
1376985,Igara County,buildings,residential-onsite-fuel-usage,pm2_5,1027.2,-0.4819,30.1683,2025
1377059,Bukoto County,buildings,residential-onsite-fuel-usage,pm2_5,1023.83,-0.4492,31.3976,2026
1377105,Agago County,buildings,residential-onsite-fuel-usage,pm2_5,1023.07,2.9479,33.3861,2024
1376969,Kole County,buildings,residential-onsite-fuel-usage,pm2_5,1022.8,2.3017,32.7356,2024
1377065,Kibanda County,buildings,residential-onsite-fuel-usage,pm2_5,1022.54,1.9938,32.0498,2025
1897931,Hima Cement Plant,manufacturing,cement,pm2_5,1020.56,0.2918,30.1824,2026
1377072,Ibanda County,buildings,residential-onsite-fuel-usage,pm2_5,1010.96,-0.0599,30.4923,2024
1377074,Kashari County,buildings,residential-onsite-fuel-usage,pm2_5,1005.25,-0.4175,30.5739,2024
1376975,Koboko County,buildings,residential-onsite-fuel-usage,pm2_5,1001.96,3.5368,30.9839,2025
1377049,Dokolo County,buildings,residential-onsite-fuel-usage,pm2_5,999.09,1.9103,33.0751,2025
1376970,Kwania County,buildings,residential-onsite-fuel-usage,pm2_5,998.65,1.8865,32.7679,2024
1377093,Mukono County,buildings,residential-onsite-fuel-usage,pm2_5,994.36,0.3292,32.7791,2026
1377056,Katikamu County,buildings,residential-onsite-fuel-usage,pm2_5,994.17,0.8445,32.5214,2025
1377073,Isingiro County,buildings,residential-onsite-fuel-usage,pm2_5,992.03,-0.8383,30.7053,2025
1377037,Chua County,buildings,residential-onsite-fuel-usage,pm2_5,987.92,3.4442,33.4841,2025
1376985,Igara County,buildings,residential-onsite-fuel-usage,pm2_5,987.35,-0.4819,30.1683,2024
1377032,Bugangaizi County,buildings,residential-onsite-fuel-usage,pm2_5,987.1,0.9635,31.2904,2025
1376975,Koboko County,buildings,residential-onsite-fuel-usage,pm2_5,977.51,3.5368,30.9839,2024
1377025,Bukonjo County,buildings,residential-onsite-fuel-usage,pm2_5,972.24,0.0804,29.8199,2025
1376971,Maruzi County,buildings,residential-onsite-fuel-usage,pm2_5,972.22,1.918,32.4817,2025
1377056,Katikamu County,buildings,residential-onsite-fuel-usage,pm2_5,968.93,0.8445,32.5214,2024
1377065,Kibanda County,buildings,residential-onsite-fuel-usage,pm2_5,967.74,1.9938,32.0498,2024
1376993,Omoro County,buildings,residential-onsite-fuel-usage,pm2_5,958.81,2.6458,32.4968,2025
1377025,Bukonjo County,buildings,residential-onsite-fuel-usage,pm2_5,948.96,0.0804,29.8199,2024
1377073,Isingiro County,buildings,residential-onsite-fuel-usage,pm2_5,946.24,-0.8383,30.7053,2024
1377049,Dokolo County,buildings,residential-onsite-fuel-usage,pm2_5,944.73,1.9103,33.0751,2024
1377036,Kisoro County,buildings,residential-onsite-fuel-usage,pm2_5,943.6,-1.2026,29.674,2025
1377037,Chua County,buildings,residential-onsite-fuel-usage,pm2_5,943.16,3.4442,33.4841,2024
1377090,Mityana County,buildings,residential-onsite-fuel-usage,pm2_5,941.66,0.5082,32.0654,2025
1377032,Bugangaizi County,buildings,residential-onsite-fuel-usage,pm2_5,930.49,0.9635,31.2904,2024
1377033,Buyaga County,buildings,residential-onsite-fuel-usage,pm2_5,923.11,1.0013,30.7952,2025
1377089,Kassanda County,buildings,residential-onsite-fuel-usage,pm2_5,921.56,0.5334,31.7622,2025
1377103,Ruhaama County,buildings,residential-onsite-fuel-usage,pm2_5,921.52,-0.8918,30.4088,2025
1376971,Maruzi County,buildings,residential-onsite-fuel-usage,pm2_5,917.74,1.918,32.4817,2024
1376972,Oyam County,buildings,residential-onsite-fuel-usage,pm2_5,916.93,2.349,32.4234,2026
1376995,Buhaguzi County,buildings,residential-onsite-fuel-usage,pm2_5,912.3,1.3028,31.0999,2025
1376993,Omoro County,buildings,residential-onsite-fuel-usage,pm2_5,910.35,2.6458,32.4968,2024
1376987,Sheema County,buildings,residential-onsite-fuel-usage,pm2_5,910.31,-0.592,30.372,2025
1377090,Mityana County,buildings,residential-onsite-fuel-usage,pm2_5,907.97,0.5082,32.0654,2024
1377101,Padyere County,buildings,residential-onsite-fuel-usage,pm2_5,906.66,2.4386,31.1627,2025
1376980,Bukooli County,buildings,residential-onsite-fuel-usage,pm2_5,906.01,0.4371,33.7844,2026
1377036,Kisoro County,buildings,residential-onsite-fuel-usage,pm2_5,905.44,-1.2026,29.674,2024
1377043,Kumi County,buildings,residential-onsite-fuel-usage,pm2_5,895.54,1.4567,33.9219,2025
1377101,Padyere County,buildings,residential-onsite-fuel-usage,pm2_5,890.06,2.4386,31.1627,2024
1377086,Mawokota County,buildings,residential-onsite-fuel-usage,pm2_5,889.3,0.1411,32.2618,2025
1376998,Kigulu County,buildings,residential-onsite-fuel-usage,pm2_5,886.41,0.7223,33.5007,2025
1377068,Bungokho County,buildings,residential-onsite-fuel-usage,pm2_5,885.98,1.0047,34.1972,2025
1377115,Kyotera County,buildings,residential-onsite-fuel-usage,pm2_5,885.61,-0.6277,31.5804,2025
1377100,Okoro County,buildings,residential-onsite-fuel-usage,pm2_5,885.0,2.5242,30.8912,2025
1377106,Aruu County,buildings,residential-onsite-fuel-usage,pm2_5,881.16,2.8899,32.8962,2025
1376987,Sheema County,buildings,residential-onsite-fuel-usage,pm2_5,878.12,-0.592,30.372,2024
1377033,Buyaga County,buildings,residential-onsite-fuel-usage,pm2_5,877.24,1.0013,30.7952,2024
1377103,Ruhaama County,buildings,residential-onsite-fuel-usage,pm2_5,876.08,-0.8918,30.4088,2024
1377035,Kiboga County,buildings,residential-onsite-fuel-usage,pm2_5,875.16,0.9875,31.7515,2025
1377089,Kassanda County,buildings,residential-onsite-fuel-usage,pm2_5,874.94,0.5334,31.7622,2024
1377116,Bufumbira County,buildings,residential-onsite-fuel-usage,pm2_5,874.61,-0.6154,29.8407,2025
1377066,Bunya County,buildings,residential-onsite-fuel-usage,pm2_5,870.31,0.3864,33.5356,2025
1377068,Bungokho County,buildings,residential-onsite-fuel-usage,pm2_5,869.75,1.0047,34.1972,2024
1376998,Kigulu County,buildings,residential-onsite-fuel-usage,pm2_5,869.01,0.7223,33.5007,2024
1377086,Mawokota County,buildings,residential-onsite-fuel-usage,pm2_5,865.34,0.1411,32.2618,2024
1377043,Kumi County,buildings,residential-onsite-fuel-usage,pm2_5,864.74,1.4567,33.9219,2024
1376995,Buhaguzi County,buildings,residential-onsite-fuel-usage,pm2_5,860.45,1.3028,31.0999,2024
1376968,East Moyo County,buildings,residential-onsite-fuel-usage,pm2_5,857.93,3.2383,31.7865,2025
1377100,Okoro County,buildings,residential-onsite-fuel-usage,pm2_5,857.43,2.5242,30.8912,2024
1377066,Bunya County,buildings,residential-onsite-fuel-usage,pm2_5,855.26,0.3864,33.5356,2024
1377115,Kyotera County,buildings,residential-onsite-fuel-usage,pm2_5,855.03,-0.6277,31.5804,2024
1377016,Bugabula County,buildings,residential-onsite-fuel-usage,pm2_5,852.56,1.0062,33.0701,2025
1376986,Ruhinda County,buildings,residential-onsite-fuel-usage,pm2_5,849.51,-0.6064,30.0071,2025
1050837,Kampala City council,buildings,non-residential-onsite-fuel-usage,pm2_5,848.8,0.3172,32.5898,2025
1050837,Kampala City council,buildings,non-residential-onsite-fuel-usage,pm2_5,846.37,0.3172,32.5898,2024
1376968,East Moyo County,buildings,residential-onsite-fuel-usage,pm2_5,844.32,3.2383,31.7865,2024
1377124,Serere County,buildings,residential-onsite-fuel-usage,pm2_5,842.55,1.4938,33.5648,2025
1377029,Usuk County,buildings,residential-onsite-fuel-usage,pm2_5,841.49,1.9735,34.0574,2025
1377011,Kalaki County,buildings,residential-onsite-fuel-usage,pm2_5,840.83,1.8325,33.3557,2025
1377116,Bufumbira County,buildings,residential-onsite-fuel-usage,pm2_5,839.93,-0.6154,29.8407,2024
1377035,Kiboga County,buildings,residential-onsite-fuel-usage,pm2_5,837.71,0.9875,31.7515,2024
1377106,Aruu County,buildings,residential-onsite-fuel-usage,pm2_5,836.51,2.8899,32.8962,2024
1377128,Kisoko (West Budama) County,buildings,residential-onsite-fuel-usage,pm2_5,836.34,0.7346,34.0371,2025
1377134,Aringa County,buildings,residential-onsite-fuel-usage,pm2_5,836.3,3.4924,31.2846,2026
1377075,Kazo County,buildings,residential-onsite-fuel-usage,pm2_5,831.38,0.0273,30.7515,2025
1377071,Bukanga County,buildings,residential-onsite-fuel-usage,pm2_5,831.19,-0.835,31.0016,2025
1377067,Bubulo County,buildings,residential-onsite-fuel-usage,pm2_5,826.57,0.8934,34.3349,2025
1377016,Bugabula County,buildings,residential-onsite-fuel-usage,pm2_5,823.42,1.0062,33.0701,2024
1376991,Kilak County,buildings,residential-onsite-fuel-usage,pm2_5,823.04,3.1306,32.1036,2025
1377125,Soroti County,buildings,residential-onsite-fuel-usage,pm2_5,820.29,1.7908,33.6061,2026
1376986,Ruhinda County,buildings,residential-onsite-fuel-usage,pm2_5,813.88,-0.6064,30.0071,2024
1377051,Kyoga County,buildings,residential-onsite-fuel-usage,pm2_5,810.2,1.6393,32.7859,2025
1377124,Serere County,buildings,residential-onsite-fuel-usage,pm2_5,808.75,1.4938,33.5648,2024
1377076,Mbarara Municipality,buildings,residential-onsite-fuel-usage,pm2_5,805.64,-0.6136,30.6543,2025
1377128,Kisoko (West Budama) County,buildings,residential-onsite-fuel-usage,pm2_5,801.13,0.7346,34.0371,2024
1377076,Mbarara Municipality,buildings,residential-onsite-fuel-usage,pm2_5,799.56,-0.6136,30.6543,2024
1377042,Bukedea County,buildings,residential-onsite-fuel-usage,pm2_5,797.93,1.3721,34.1414,2025
1377029,Usuk County,buildings,residential-onsite-fuel-usage,pm2_5,797.7,1.9735,34.0574,2024
1377067,Bubulo County,buildings,residential-onsite-fuel-usage,pm2_5,794.42,0.8934,34.3349,2024
1377005,Rubanda County,buildings,residential-onsite-fuel-usage,pm2_5,792.94,-1.2088,29.8883,2025
1377011,Kalaki County,buildings,residential-onsite-fuel-usage,pm2_5,790.36,1.8325,33.3557,2024
1376991,Kilak County,buildings,residential-onsite-fuel-usage,pm2_5,789.46,3.1306,32.1036,2024
1377071,Bukanga County,buildings,residential-onsite-fuel-usage,pm2_5,785.65,-0.835,31.0016,2024
1377075,Kazo County,buildings,residential-onsite-fuel-usage,pm2_5,785.42,0.0273,30.7515,2024
1377123,Kasilo County,buildings,residential-onsite-fuel-usage,pm2_5,785.29,1.5066,33.2256,2025
1377119,Mawogola County,buildings,residential-onsite-fuel-usage,pm2_5,778.3,-0.066,31.4185,2025
1376992,Nwoya County,buildings,residential-onsite-fuel-usage,pm2_5,773.82,2.5286,31.8709,2025
1376977,Maracha County,buildings,residential-onsite-fuel-usage,pm2_5,771.95,3.2478,30.9256,2025
1377088,Buwekula County,buildings,residential-onsite-fuel-usage,pm2_5,771.61,0.5168,31.4108,2026
1377051,Kyoga County,buildings,residential-onsite-fuel-usage,pm2_5,769.3,1.6393,32.7859,2024
1377042,Bukedea County,buildings,residential-onsite-fuel-usage,pm2_5,766.87,1.3721,34.1414,2024
1377050,Erute County,buildings,residential-onsite-fuel-usage,pm2_5,764.64,2.335,32.9387,2026
1377053,Moroto County,buildings,residential-onsite-fuel-usage,pm2_5,764.34,2.2694,33.3212,2026
1376977,Maracha County,buildings,residential-onsite-fuel-usage,pm2_5,763.81,3.2478,30.9256,2024
1377046,Mwenge County,buildings,residential-onsite-fuel-usage,pm2_5,763.27,0.6456,30.6585,2026
1377005,Rubanda County,buildings,residential-onsite-fuel-usage,pm2_5,756.9,-1.2088,29.8883,2024
1377010,Kaberamaido County,buildings,residential-onsite-fuel-usage,pm2_5,756.45,1.6881,33.1164,2025
1377119,Mawogola County,buildings,residential-onsite-fuel-usage,pm2_5,749.54,-0.066,31.4185,2024
1377077,Nyabushozi County,buildings,residential-onsite-fuel-usage,pm2_5,744.17,-0.3243,30.8724,2025
1377123,Kasilo County,buildings,residential-onsite-fuel-usage,pm2_5,744.03,1.5066,33.2256,2024
1377060,Kalungu County,buildings,residential-onsite-fuel-usage,pm2_5,740.61,-0.097,31.8139,2025
1376989,Aswa County,buildings,residential-onsite-fuel-usage,pm2_5,738.69,3.0366,32.3795,2025
1376988,Samia-Bugwe County,buildings,residential-onsite-fuel-usage,pm2_5,737.17,0.4079,34.0146,2026
1376992,Nwoya County,buildings,residential-onsite-fuel-usage,pm2_5,728.85,2.5286,31.8709,2024
1377008,Burahya County,buildings,residential-onsite-fuel-usage,pm2_5,722.92,0.6242,30.1871,2025
1377027,Amuria County,buildings,residential-onsite-fuel-usage,pm2_5,722.8,1.9835,33.7075,2026
1377060,Kalungu County,buildings,residential-onsite-fuel-usage,pm2_5,713.3,-0.097,31.8139,2024
1377077,Nyabushozi County,buildings,residential-onsite-fuel-usage,pm2_5,709.02,-0.3243,30.8724,2024
1377010,Kaberamaido County,buildings,residential-onsite-fuel-usage,pm2_5,708.24,1.6881,33.1164,2024
1377008,Burahya County,buildings,residential-onsite-fuel-usage,pm2_5,707.66,0.6242,30.1871,2024
1376989,Aswa County,buildings,residential-onsite-fuel-usage,pm2_5,703.0,3.0366,32.3795,2024
1377004,Ndorwa County,buildings,residential-onsite-fuel-usage,pm2_5,702.69,-1.3346,30.036,2025
1377078,Rwampara County,buildings,residential-onsite-fuel-usage,pm2_5,695.25,-0.7152,30.4897,2025
1377045,Kyaka County,buildings,residential-onsite-fuel-usage,pm2_5,692.35,0.4832,31.0007,2026
1377054,Otuke County,buildings,residential-onsite-fuel-usage,pm2_5,689.17,2.479,33.3935,2025
1377026,Busongora County,buildings,residential-onsite-fuel-usage,pm2_5,683.04,0.1386,30.1383,2026
1377098,Buruli County,buildings,residential-onsite-fuel-usage,pm2_5,682.8,1.3206,32.4893,2025
1377004,Ndorwa County,buildings,residential-onsite-fuel-usage,pm2_5,668.05,-1.3346,30.036,2024
1377078,Rwampara County,buildings,residential-onsite-fuel-usage,pm2_5,664.5,-0.7152,30.4897,2024
1376976,Madi-Okollo County,buildings,residential-onsite-fuel-usage,pm2_5,660.41,2.868,31.2382,2025
1377098,Buruli County,buildings,residential-onsite-fuel-usage,pm2_5,652.73,1.3206,32.4893,2024
1377054,Otuke County,buildings,residential-onsite-fuel-usage,pm2_5,651.25,2.479,33.3935,2024
1377111,Pallisa County,buildings,residential-onsite-fuel-usage,pm2_5,641.77,1.22,33.6234,2025
1377020,Kitagwenda County,buildings,residential-onsite-fuel-usage,pm2_5,640.65,-0.0074,30.3122,2025
1376997,Busiki County,buildings,residential-onsite-fuel-usage,pm2_5,639.08,0.8897,33.6656,2025
1377028,Kapelebyong County,buildings,residential-onsite-fuel-usage,pm2_5,634.66,2.1976,33.7772,2025
1376976,Madi-Okollo County,buildings,residential-onsite-fuel-usage,pm2_5,632.05,2.868,31.2382,2024
1377057,Nakaseke County,buildings,residential-onsite-fuel-usage,pm2_5,630.16,1.003,32.1759,2025
1376979,Vurra County,buildings,residential-onsite-fuel-usage,pm2_5,629.14,2.8372,30.9597,2025
1377111,Pallisa County,buildings,residential-onsite-fuel-usage,pm2_5,628.21,1.22,33.6234,2024
1376994,Bugahya County,buildings,residential-onsite-fuel-usage,pm2_5,626.34,1.5331,31.2461,2026
1377058,Bukomansimbi County,buildings,residential-onsite-fuel-usage,pm2_5,626.06,-0.1262,31.6228,2025
1376997,Busiki County,buildings,residential-onsite-fuel-usage,pm2_5,615.08,0.8897,33.6656,2024
1377129,Tororo County,buildings,residential-onsite-fuel-usage,pm2_5,611.21,0.7445,34.2472,2025
1376979,Vurra County,buildings,residential-onsite-fuel-usage,pm2_5,610.21,2.8372,30.9597,2024
1377020,Kitagwenda County,buildings,residential-onsite-fuel-usage,pm2_5,608.48,-0.0074,30.3122,2024
1377085,Gomba County,buildings,residential-onsite-fuel-usage,pm2_5,606.49,0.2055,31.7367,2025
1377057,Nakaseke County,buildings,residential-onsite-fuel-usage,pm2_5,606.22,1.003,32.1759,2024
1377058,Bukomansimbi County,buildings,residential-onsite-fuel-usage,pm2_5,602.63,-0.1262,31.6228,2024
1377017,Bulamogi County,buildings,residential-onsite-fuel-usage,pm2_5,600.63,1.0827,33.4814,2025
1377028,Kapelebyong County,buildings,residential-onsite-fuel-usage,pm2_5,598.66,2.1976,33.7772,2024
1377117,Rubabo County,buildings,residential-onsite-fuel-usage,pm2_5,597.95,-0.9153,29.9487,2025
1377038,Lamwo County,buildings,residential-onsite-fuel-usage,pm2_5,596.13,3.5251,32.657,2025
1377021,Kinkiizi County,buildings,residential-onsite-fuel-usage,pm2_5,592.85,-0.7462,29.7243,2026
1377129,Tororo County,buildings,residential-onsite-fuel-usage,pm2_5,590.69,0.7445,34.2472,2024
1376983,Buhweju County,buildings,residential-onsite-fuel-usage,pm2_5,588.28,-0.3201,30.3884,2025
1377064,Buruli County,buildings,residential-onsite-fuel-usage,pm2_5,587.39,1.6919,31.7738,2025
1377017,Bulamogi County,buildings,residential-onsite-fuel-usage,pm2_5,584.14,1.0827,33.4814,2024
1377019,Kibale County,buildings,residential-onsite-fuel-usage,pm2_5,583.19,0.309,30.6093,2026
1377085,Gomba County,buildings,residential-onsite-fuel-usage,pm2_5,579.19,0.2055,31.7367,2024
1376990,Gulu County,buildings,residential-onsite-fuel-usage,pm2_5,571.92,2.7841,32.2859,2025
1377117,Rubabo County,buildings,residential-onsite-fuel-usage,pm2_5,570.75,-0.9153,29.9487,2024
1377038,Lamwo County,buildings,residential-onsite-fuel-usage,pm2_5,569.81,3.5251,32.657,2024
1376990,Gulu County,buildings,residential-onsite-fuel-usage,pm2_5,568.62,2.7841,32.2859,2024
1377034,Buyanja County,buildings,residential-onsite-fuel-usage,pm2_5,567.7,0.824,31.0256,2025
1377055,Bamunanika County,buildings,residential-onsite-fuel-usage,pm2_5,566.75,0.8529,32.7005,2025
1377114,Kooki County,buildings,residential-onsite-fuel-usage,pm2_5,565.32,-0.6871,31.3193,2026
1377015,Budiope County,buildings,residential-onsite-fuel-usage,pm2_5,564.34,1.2356,33.1704,2026
1376974,Ayivu County,buildings,residential-onsite-fuel-usage,pm2_5,564.3,3.0509,30.8914,2026
1377064,Buruli County,buildings,residential-onsite-fuel-usage,pm2_5,559.94,1.6919,31.7738,2024
1377105,Agago County,buildings,residential-onsite-fuel-usage,pm2_5,558.18,2.9479,33.3861,2026
1567100,Tembo Steels Iganga plant,manufacturing,iron-and-steel,pm2_5,554.96,0.6155,33.458,2026
1376983,Buhweju County,buildings,residential-onsite-fuel-usage,pm2_5,553.7,-0.3201,30.3884,2024
1376970,Kwania County,buildings,residential-onsite-fuel-usage,pm2_5,548.88,1.8865,32.7679,2026
1376978,Terego County,buildings,residential-onsite-fuel-usage,pm2_5,547.33,3.1847,31.1923,2026
1377055,Bamunanika County,buildings,residential-onsite-fuel-usage,pm2_5,545.53,0.8529,32.7005,2024
1376969,Kole County,buildings,residential-onsite-fuel-usage,pm2_5,541.83,2.3017,32.7356,2026
1377072,Ibanda County,buildings,residential-onsite-fuel-usage,pm2_5,540.54,-0.0599,30.4923,2026
1377061,Masaka Municipality,buildings,residential-onsite-fuel-usage,pm2_5,537.65,-0.3336,31.7313,2025
1377061,Masaka Municipality,buildings,residential-onsite-fuel-usage,pm2_5,536.7,-0.3336,31.7313,2024
1377034,Buyanja County,buildings,residential-onsite-fuel-usage,pm2_5,532.68,0.824,31.0256,2024
1377074,Kashari County,buildings,residential-onsite-fuel-usage,pm2_5,530.81,-0.4175,30.5739,2026
1376999,Luuka County,buildings,residential-onsite-fuel-usage,pm2_5,530.32,0.82,33.3269,2025
1377065,Kibanda County,buildings,residential-onsite-fuel-usage,pm2_5,529.64,1.9938,32.0498,2026
1377091,Buikwe County,buildings,residential-onsite-fuel-usage,pm2_5,529.4,0.3117,33.0147,2026
1377107,Budaka County,buildings,residential-onsite-fuel-usage,pm2_5,527.96,1.0674,34.0046,2025
1377094,Nakifuma County,buildings,residential-onsite-fuel-usage,pm2_5,526.31,0.6141,32.8414,2025
1376985,Igara County,buildings,residential-onsite-fuel-usage,pm2_5,523.03,-0.4819,30.1683,2026
1377127,Bunyole County,buildings,residential-onsite-fuel-usage,pm2_5,522.05,0.8669,33.8829,2025
1377031,Ntenjeru County,buildings,residential-onsite-fuel-usage,pm2_5,521.12,0.7061,32.9621,2025
1377049,Dokolo County,buildings,residential-onsite-fuel-usage,pm2_5,517.93,1.9103,33.0751,2026
1376999,Luuka County,buildings,residential-onsite-fuel-usage,pm2_5,516.58,0.82,33.3269,2024
1377107,Budaka County,buildings,residential-onsite-fuel-usage,pm2_5,515.69,1.0674,34.0046,2024
1377007,Bunyangabu County,buildings,residential-onsite-fuel-usage,pm2_5,514.43,0.4826,30.2011,2025
1377094,Nakifuma County,buildings,residential-onsite-fuel-usage,pm2_5,513.14,0.6141,32.8414,2024
1377032,Bugangaizi County,buildings,residential-onsite-fuel-usage,pm2_5,511.62,0.9635,31.2904,2026
1377044,Ngora County,buildings,residential-onsite-fuel-usage,pm2_5,511.48,1.499,33.7729,2025
1377037,Chua County,buildings,residential-onsite-fuel-usage,pm2_5,508.61,3.4442,33.4841,2026
1377127,Bunyole County,buildings,residential-onsite-fuel-usage,pm2_5,507.59,0.8669,33.8829,2024
1377031,Ntenjeru County,buildings,residential-onsite-fuel-usage,pm2_5,506.72,0.7061,32.9621,2024
1376975,Koboko County,buildings,residential-onsite-fuel-usage,pm2_5,506.69,3.5368,30.9839,2026
1377073,Isingiro County,buildings,residential-onsite-fuel-usage,pm2_5,505.79,-0.8383,30.7053,2026
1376971,Maruzi County,buildings,residential-onsite-fuel-usage,pm2_5,504.61,1.918,32.4817,2026
1377056,Katikamu County,buildings,residential-onsite-fuel-usage,pm2_5,501.61,0.8445,32.5214,2026
1377007,Bunyangabu County,buildings,residential-onsite-fuel-usage,pm2_5,500.69,0.4826,30.2011,2024
1377044,Ngora County,buildings,residential-onsite-fuel-usage,pm2_5,499.42,1.499,33.7729,2024
1376981,Bwamba County,buildings,residential-onsite-fuel-usage,pm2_5,497.22,0.6501,30.0414,2025
1376993,Omoro County,buildings,residential-onsite-fuel-usage,pm2_5,495.46,2.6458,32.4968,2026
1377025,Bukonjo County,buildings,residential-onsite-fuel-usage,pm2_5,491.05,0.0804,29.8199,2026
1377110,Kibuku County,buildings,residential-onsite-fuel-usage,pm2_5,483.83,1.0589,33.8044,2025
1377033,Buyaga County,buildings,residential-onsite-fuel-usage,pm2_5,480.66,1.0013,30.7952,2026
1376981,Bwamba County,buildings,residential-onsite-fuel-usage,pm2_5,479.93,0.6501,30.0414,2024
1377090,Mityana County,buildings,residential-onsite-fuel-usage,pm2_5,479.5,0.5082,32.0654,2026
1376995,Buhaguzi County,buildings,residential-onsite-fuel-usage,pm2_5,475.89,1.3028,31.0999,2026
1377036,Kisoro County,buildings,residential-onsite-fuel-usage,pm2_5,475.12,-1.2026,29.674,2026
1377110,Kibuku County,buildings,residential-onsite-fuel-usage,pm2_5,474.75,1.0589,33.8044,2024
1377089,Kassanda County,buildings,residential-onsite-fuel-usage,pm2_5,474.66,0.5334,31.7622,2026
1377099,Jonam County,buildings,residential-onsite-fuel-usage,pm2_5,472.69,2.4681,31.4012,2025
1377000,Butembe County,buildings,residential-onsite-fuel-usage,pm2_5,472.4,0.5571,33.3002,2025
1377103,Ruhaama County,buildings,residential-onsite-fuel-usage,pm2_5,471.92,-0.8918,30.4088,2026
1377104,Rushenyi County,buildings,residential-onsite-fuel-usage,pm2_5,470.65,-1.037,30.168,2025
1377000,Butembe County,buildings,residential-onsite-fuel-usage,pm2_5,468.74,0.5571,33.3002,2024
1376987,Sheema County,buildings,residential-onsite-fuel-usage,pm2_5,460.89,-0.592,30.372,2026
1377099,Jonam County,buildings,residential-onsite-fuel-usage,pm2_5,458.78,2.4681,31.4012,2024
1377102,Kajara County,buildings,residential-onsite-fuel-usage,pm2_5,457.24,-0.8285,30.129,2025
1377043,Kumi County,buildings,residential-onsite-fuel-usage,pm2_5,456.84,1.4567,33.9219,2026
1377106,Aruu County,buildings,residential-onsite-fuel-usage,pm2_5,455.45,2.8899,32.8962,2026
1377101,Padyere County,buildings,residential-onsite-fuel-usage,pm2_5,454.55,2.4386,31.1627,2026
1377120,Budadiri County,buildings,residential-onsite-fuel-usage,pm2_5,452.01,1.191,34.2949,2025
1377115,Kyotera County,buildings,residential-onsite-fuel-usage,pm2_5,450.78,-0.6277,31.5804,2026
1377086,Mawokota County,buildings,residential-onsite-fuel-usage,pm2_5,450.63,0.1411,32.2618,2026
1377035,Kiboga County,buildings,residential-onsite-fuel-usage,pm2_5,448.72,0.9875,31.7515,2026
1376998,Kigulu County,buildings,residential-onsite-fuel-usage,pm2_5,446.69,0.7223,33.5007,2026
1377116,Bufumbira County,buildings,residential-onsite-fuel-usage,pm2_5,446.06,-0.6154,29.8407,2026
1377052,Lira Municipality,buildings,residential-onsite-fuel-usage,pm2_5,445.15,2.2533,32.8962,2025
1377113,Kakuuto County,buildings,residential-onsite-fuel-usage,pm2_5,444.72,-0.8235,31.4678,2025
1377104,Rushenyi County,buildings,residential-onsite-fuel-usage,pm2_5,444.52,-1.037,30.168,2024
1377068,Bungokho County,buildings,residential-onsite-fuel-usage,pm2_5,444.04,1.0047,34.1972,2026
1377052,Lira Municipality,buildings,residential-onsite-fuel-usage,pm2_5,444.01,2.2533,32.8962,2024
1377100,Okoro County,buildings,residential-onsite-fuel-usage,pm2_5,443.95,2.5242,30.8912,2026
1377120,Budadiri County,buildings,residential-onsite-fuel-usage,pm2_5,441.06,1.191,34.2949,2024
1377011,Kalaki County,buildings,residential-onsite-fuel-usage,pm2_5,437.84,1.8325,33.3557,2026
1377066,Bunya County,buildings,residential-onsite-fuel-usage,pm2_5,437.79,0.3864,33.5356,2026
1377102,Kajara County,buildings,residential-onsite-fuel-usage,pm2_5,435.95,-0.8285,30.129,2024
1377029,Usuk County,buildings,residential-onsite-fuel-usage,pm2_5,435.45,1.9735,34.0574,2026
1377016,Bugabula County,buildings,residential-onsite-fuel-usage,pm2_5,434.76,1.0062,33.0701,2026
1376986,Ruhinda County,buildings,residential-onsite-fuel-usage,pm2_5,434.58,-0.6064,30.0071,2026
1377075,Kazo County,buildings,residential-onsite-fuel-usage,pm2_5,432.52,0.0273,30.7515,2026
1377124,Serere County,buildings,residential-onsite-fuel-usage,pm2_5,431.8,1.4938,33.5648,2026
1376968,East Moyo County,buildings,residential-onsite-fuel-usage,pm2_5,431.07,3.2383,31.7865,2026
1377112,Kabula County,buildings,residential-onsite-fuel-usage,pm2_5,429.22,-0.2596,31.1837,2025
1377128,Kisoko (West Budama) County,buildings,residential-onsite-fuel-usage,pm2_5,428.5,0.7346,34.0371,2026
1377071,Bukanga County,buildings,residential-onsite-fuel-usage,pm2_5,428.01,-0.835,31.0016,2026
1377006,Rukiga County,buildings,residential-onsite-fuel-usage,pm2_5,427.55,-1.1453,30.0552,2025
1376991,Kilak County,buildings,residential-onsite-fuel-usage,pm2_5,421.98,3.1306,32.1036,2026
1050837,Kampala City council,buildings,non-residential-onsite-fuel-usage,pm2_5,421.84,0.3172,32.5898,2026
1377113,Kakuuto County,buildings,residential-onsite-fuel-usage,pm2_5,421.55,-0.8235,31.4678,2024
1377067,Bubulo County,buildings,residential-onsite-fuel-usage,pm2_5,419.97,0.8934,34.3349,2026
1377051,Kyoga County,buildings,residential-onsite-fuel-usage,pm2_5,418.68,1.6393,32.7859,2026
1377112,Kabula County,buildings,residential-onsite-fuel-usage,pm2_5,408.92,-0.2596,31.1837,2024
1377042,Bukedea County,buildings,residential-onsite-fuel-usage,pm2_5,408.13,1.3721,34.1414,2026
449757,Kakira Sugar power station,power,electricity-generation,pm2_5,407.1,0.5089,33.29,2024
1377123,Kasilo County,buildings,residential-onsite-fuel-usage,pm2_5,406.49,1.5066,33.2256,2026
449757,Kakira Sugar power station,power,electricity-generation,pm2_5,406.0,0.5089,33.29,2025
1376984,Bunyaruguru County,buildings,residential-onsite-fuel-usage,pm2_5,403.32,-0.2593,30.0033,2025
1377006,Rukiga County,buildings,residential-onsite-fuel-usage,pm2_5,403.17,-1.1453,30.0552,2024
1376992,Nwoya County,buildings,residential-onsite-fuel-usage,pm2_5,402.29,2.5286,31.8709,2026
1377005,Rubanda County,buildings,residential-onsite-fuel-usage,pm2_5,401.92,-1.2088,29.8883,2026
1376996,Bugweri County,buildings,residential-onsite-fuel-usage,pm2_5,401.87,0.6248,33.615,2025
1377076,Mbarara Municipality,buildings,residential-onsite-fuel-usage,pm2_5,398.57,-0.6136,30.6543,2026
1377119,Mawogola County,buildings,residential-onsite-fuel-usage,pm2_5,396.55,-0.066,31.4185,2026
1377002,Kagoma County,buildings,residential-onsite-fuel-usage,pm2_5,395.9,0.5912,33.1634,2025
1377010,Kaberamaido County,buildings,residential-onsite-fuel-usage,pm2_5,395.06,1.6881,33.1164,2026
1377002,Kagoma County,buildings,residential-onsite-fuel-usage,pm2_5,389.7,0.5912,33.1634,2024
1376996,Bugweri County,buildings,residential-onsite-fuel-usage,pm2_5,389.32,0.6248,33.615,2024
1376984,Bunyaruguru County,buildings,residential-onsite-fuel-usage,pm2_5,387.11,-0.2593,30.0033,2024
1377077,Nyabushozi County,buildings,residential-onsite-fuel-usage,pm2_5,386.39,-0.3243,30.8724,2026
1376977,Maracha County,buildings,residential-onsite-fuel-usage,pm2_5,385.67,3.2478,30.9256,2026
1376989,Aswa County,buildings,residential-onsite-fuel-usage,pm2_5,381.03,3.0366,32.3795,2026
1377060,Kalungu County,buildings,residential-onsite-fuel-usage,pm2_5,377.99,-0.097,31.8139,2026
1377070,Mbale Municipality,buildings,residential-onsite-fuel-usage,pm2_5,376.74,1.0825,34.1708,2025
1377070,Mbale Municipality,buildings,residential-onsite-fuel-usage,pm2_5,376.23,1.0825,34.1708,2024
1377108,Butebo County,buildings,residential-onsite-fuel-usage,pm2_5,373.39,1.1874,34.0459,2025
1050951,Busiiro County,buildings,non-residential-onsite-fuel-usage,pm2_5,371.51,0.2874,32.4738,2025
1377108,Butebo County,buildings,residential-onsite-fuel-usage,pm2_5,363.98,1.1874,34.0459,2024
1377030,Bbaale County,buildings,residential-onsite-fuel-usage,pm2_5,361.43,1.1296,32.8736,2025
1377008,Burahya County,buildings,residential-onsite-fuel-usage,pm2_5,360.57,0.6242,30.1871,2026
1377004,Ndorwa County,buildings,residential-onsite-fuel-usage,pm2_5,358.5,-1.3346,30.036,2026
1050951,Busiiro County,buildings,non-residential-onsite-fuel-usage,pm2_5,357.86,0.2874,32.4738,2024
1377054,Otuke County,buildings,residential-onsite-fuel-usage,pm2_5,357.47,2.479,33.3935,2026
1377078,Rwampara County,buildings,residential-onsite-fuel-usage,pm2_5,353.23,-0.7152,30.4897,2026
1377098,Buruli County,buildings,residential-onsite-fuel-usage,pm2_5,350.98,1.3206,32.4893,2026
1377030,Bbaale County,buildings,residential-onsite-fuel-usage,pm2_5,346.41,1.1296,32.8736,2024
1377084,Butambala County,buildings,residential-onsite-fuel-usage,pm2_5,345.71,0.1643,32.1353,2025
1377001,Jinja County,buildings,residential-onsite-fuel-usage,pm2_5,342.03,0.4408,33.22,2025
1377001,Jinja County,buildings,residential-onsite-fuel-usage,pm2_5,341.27,0.4408,33.22,2024
1377063,Bujenje (?) County,buildings,residential-onsite-fuel-usage,pm2_5,340.53,1.9769,31.4944,2025
1376976,Madi-Okollo County,buildings,residential-onsite-fuel-usage,pm2_5,338.84,2.868,31.2382,2026
1377082,Obongi County,buildings,residential-onsite-fuel-usage,pm2_5,338.01,3.3692,31.5372,2025
1377087,Busujju County,buildings,residential-onsite-fuel-usage,pm2_5,337.96,0.3041,32.0056,2025
1377018,Buzaaya County,buildings,residential-onsite-fuel-usage,pm2_5,336.64,0.778,33.1455,2025
1377084,Butambala County,buildings,residential-onsite-fuel-usage,pm2_5,335.49,0.1643,32.1353,2024
1377082,Obongi County,buildings,residential-onsite-fuel-usage,pm2_5,333.36,3.3692,31.5372,2024
1377132,Entebbe County,buildings,residential-onsite-fuel-usage,pm2_5,331.07,0.0622,32.4628,2025
1377020,Kitagwenda County,buildings,residential-onsite-fuel-usage,pm2_5,330.68,-0.0074,30.3122,2026
1377132,Entebbe County,buildings,residential-onsite-fuel-usage,pm2_5,330.17,0.0622,32.4628,2024
1377028,Kapelebyong County,buildings,residential-onsite-fuel-usage,pm2_5,329.63,2.1976,33.7772,2026
1377063,Bujenje (?) County,buildings,residential-onsite-fuel-usage,pm2_5,328.0,1.9769,31.4944,2024
1377018,Buzaaya County,buildings,residential-onsite-fuel-usage,pm2_5,327.2,0.778,33.1455,2024
1376997,Busiki County,buildings,residential-onsite-fuel-usage,pm2_5,326.72,0.8897,33.6656,2026
1377062,Bujenje County,buildings,residential-onsite-fuel-usage,pm2_5,324.37,1.6783,31.5066,2025
1377111,Pallisa County,buildings,residential-onsite-fuel-usage,pm2_5,323.89,1.22,33.6234,2026
1377087,Busujju County,buildings,residential-onsite-fuel-usage,pm2_5,322.89,0.3041,32.0056,2024
1377057,Nakaseke County,buildings,residential-onsite-fuel-usage,pm2_5,321.69,1.003,32.1759,2026
1377083,West Moyo County,buildings,residential-onsite-fuel-usage,pm2_5,319.51,3.6687,31.7544,2025
1377058,Bukomansimbi County,buildings,residential-onsite-fuel-usage,pm2_5,319.46,-0.1262,31.6228,2026
1376979,Vurra County,buildings,residential-onsite-fuel-usage,pm2_5,319.01,2.8372,30.9597,2026
1377083,West Moyo County,buildings,residential-onsite-fuel-usage,pm2_5,317.09,3.6687,31.7544,2024
1377085,Gomba County,buildings,residential-onsite-fuel-usage,pm2_5,311.28,0.2055,31.7367,2026
1377129,Tororo County,buildings,residential-onsite-fuel-usage,pm2_5,310.93,0.7445,34.2472,2026
1377038,Lamwo County,buildings,residential-onsite-fuel-usage,pm2_5,307.05,3.5251,32.657,2026
1377062,Bujenje County,buildings,residential-onsite-fuel-usage,pm2_5,306.97,1.6783,31.5066,2024
1377117,Rubabo County,buildings,residential-onsite-fuel-usage,pm2_5,305.54,-0.9153,29.9487,2026
1377017,Bulamogi County,buildings,residential-onsite-fuel-usage,pm2_5,304.67,1.0827,33.4814,2026
1376983,Buhweju County,buildings,residential-onsite-fuel-usage,pm2_5,304.19,-0.3201,30.3884,2026
1377040,Jie County,buildings,residential-onsite-fuel-usage,pm2_5,304.03,3.033,34.0391,2025
1377064,Buruli County,buildings,residential-onsite-fuel-usage,pm2_5,302.56,1.6919,31.7738,2026
1377034,Buyanja County,buildings,residential-onsite-fuel-usage,pm2_5,302.52,0.824,31.0256,2026
1377003,Kabale Municipality,buildings,residential-onsite-fuel-usage,pm2_5,297.92,-1.2653,29.9914,2025
1377003,Kabale Municipality,buildings,residential-onsite-fuel-usage,pm2_5,294.79,-1.2653,29.9914,2024
1377040,Jie County,buildings,residential-onsite-fuel-usage,pm2_5,293.6,3.033,34.0391,2024
1377055,Bamunanika County,buildings,residential-onsite-fuel-usage,pm2_5,289.12,0.8529,32.7005,2026
3640427,Kampala City council,transportation,road-transportation,pm2_5,286.25,0.3172,32.5898,2025
1376990,Gulu County,buildings,residential-onsite-fuel-usage,pm2_5,284.91,2.7841,32.2859,2026
3640427,Kampala City council,transportation,road-transportation,pm2_5,283.36,0.3172,32.5898,2024
1377024,Tingey County,buildings,residential-onsite-fuel-usage,pm2_5,282.19,1.3312,34.3961,2025
1377024,Tingey County,buildings,residential-onsite-fuel-usage,pm2_5,272.39,1.3312,34.3961,2024
1376999,Luuka County,buildings,residential-onsite-fuel-usage,pm2_5,268.6,0.82,33.3269,2026
3640598,Jinja County,transportation,road-transportation,pm2_5,268.59,0.4351,32.5865,2025
1377107,Budaka County,buildings,residential-onsite-fuel-usage,pm2_5,266.77,1.0674,34.0046,2026
1377061,Masaka Municipality,buildings,residential-onsite-fuel-usage,pm2_5,266.75,-0.3336,31.7313,2026
1377094,Nakifuma County,buildings,residential-onsite-fuel-usage,pm2_5,265.81,0.6141,32.8414,2026
1377127,Bunyole County,buildings,residential-onsite-fuel-usage,pm2_5,264.65,0.8669,33.8829,2026
1377031,Ntenjeru County,buildings,residential-onsite-fuel-usage,pm2_5,264.2,0.7061,32.9621,2026
1377041,Labwor County,buildings,residential-onsite-fuel-usage,pm2_5,261.13,2.8055,33.7509,2025
1377044,Ngora County,buildings,residential-onsite-fuel-usage,pm2_5,258.63,1.499,33.7729,2026
3640598,Jinja County,transportation,road-transportation,pm2_5,257.33,0.4351,32.5865,2024
1377007,Bunyangabu County,buildings,residential-onsite-fuel-usage,pm2_5,256.63,0.4826,30.2011,2026
1376981,Bwamba County,buildings,residential-onsite-fuel-usage,pm2_5,251.78,0.6501,30.0414,2026
1377041,Labwor County,buildings,residential-onsite-fuel-usage,pm2_5,250.63,2.8055,33.7509,2024
3640596,Busiiro County,transportation,road-transportation,pm2_5,249.51,0.2874,32.4738,2025
1377121,Bulambuli County,buildings,residential-onsite-fuel-usage,pm2_5,248.67,1.3795,34.294,2025
1377110,Kibuku County,buildings,residential-onsite-fuel-usage,pm2_5,243.66,1.0589,33.8044,2026
1377104,Rushenyi County,buildings,residential-onsite-fuel-usage,pm2_5,242.35,-1.037,30.168,2026
1377023,Kween County,buildings,residential-onsite-fuel-usage,pm2_5,242.17,1.3535,34.56,2025
3640596,Busiiro County,transportation,road-transportation,pm2_5,240.87,0.2874,32.4738,2024
1377099,Jonam County,buildings,residential-onsite-fuel-usage,pm2_5,240.14,2.4681,31.4012,2026
1377121,Bulambuli County,buildings,residential-onsite-fuel-usage,pm2_5,239.51,1.3795,34.294,2024
1377000,Butembe County,buildings,residential-onsite-fuel-usage,pm2_5,235.76,0.5571,33.3002,2026
1377118,Lwemiyaga County,buildings,residential-onsite-fuel-usage,pm2_5,235.71,0.0738,31.1801,2025
1377069,Manjiya County,buildings,residential-onsite-fuel-usage,pm2_5,235.13,1.0435,34.3979,2025
1377102,Kajara County,buildings,residential-onsite-fuel-usage,pm2_5,234.1,-0.8285,30.129,2026
1377048,Lake Victoria,buildings,residential-onsite-fuel-usage,pm2_5,229.91,-0.2533,33.208,2025
1376973,Arua Municipality County,buildings,residential-onsite-fuel-usage,pm2_5,229.83,3.022,30.9168,2025
1377023,Kween County,buildings,residential-onsite-fuel-usage,pm2_5,229.74,1.3535,34.56,2024
1376973,Arua Municipality County,buildings,residential-onsite-fuel-usage,pm2_5,229.73,3.022,30.9168,2024
1377069,Manjiya County,buildings,residential-onsite-fuel-usage,pm2_5,229.43,1.0435,34.3979,2024
1377113,Kakuuto County,buildings,residential-onsite-fuel-usage,pm2_5,228.89,-0.8235,31.4678,2026
1377120,Budadiri County,buildings,residential-onsite-fuel-usage,pm2_5,226.87,1.191,34.2949,2026
1377048,Lake Victoria,buildings,residential-onsite-fuel-usage,pm2_5,224.52,-0.2533,33.208,2024
1377118,Lwemiyaga County,buildings,residential-onsite-fuel-usage,pm2_5,222.06,0.0738,31.1801,2024
1377052,Lira Municipality,buildings,residential-onsite-fuel-usage,pm2_5,221.22,2.2533,32.8962,2026
1377126,Soroti (Municipality) Municipality,buildings,residential-onsite-fuel-usage,pm2_5,220.72,1.7235,33.6099,2025
1377112,Kabula County,buildings,residential-onsite-fuel-usage,pm2_5,220.13,-0.2596,31.1837,2026
1377006,Rukiga County,buildings,residential-onsite-fuel-usage,pm2_5,219.95,-1.1453,30.0552,2026
1377126,Soroti (Municipality) Municipality,buildings,residential-onsite-fuel-usage,pm2_5,218.95,1.7235,33.6099,2024
1377022,Kongasis County,buildings,residential-onsite-fuel-usage,pm2_5,208.04,1.2572,34.6924,2025
1377039,Dodoth County,buildings,residential-onsite-fuel-usage,pm2_5,206.71,3.6623,34.014,2025
1376984,Bunyaruguru County,buildings,residential-onsite-fuel-usage,pm2_5,206.41,-0.2593,30.0033,2026
1376996,Bugweri County,buildings,residential-onsite-fuel-usage,pm2_5,204.43,0.6248,33.615,2026
449757,Kakira Sugar power station,power,electricity-generation,pm2_5,201.5,0.5089,33.29,2026
1377039,Dodoth County,buildings,residential-onsite-fuel-usage,pm2_5,199.75,3.6623,34.014,2024
1377002,Kagoma County,buildings,residential-onsite-fuel-usage,pm2_5,198.83,0.5912,33.1634,2026
1377022,Kongasis County,buildings,residential-onsite-fuel-usage,pm2_5,197.81,1.2572,34.6924,2024
1377079,Bokora County,buildings,residential-onsite-fuel-usage,pm2_5,190.09,2.3984,34.1715,2025
1050951,Busiiro County,buildings,non-residential-onsite-fuel-usage,pm2_5,189.88,0.2874,32.4738,2026
1377108,Butebo County,buildings,residential-onsite-fuel-usage,pm2_5,189.03,1.1874,34.0459,2026
1377070,Mbale Municipality,buildings,residential-onsite-fuel-usage,pm2_5,186.14,1.0825,34.1708,2026
1377030,Bbaale County,buildings,residential-onsite-fuel-usage,pm2_5,185.36,1.1296,32.8736,2026
1377079,Bokora County,buildings,residential-onsite-fuel-usage,pm2_5,182.51,2.3984,34.1715,2024
1376982,Ntoroko County,buildings,residential-onsite-fuel-usage,pm2_5,179.67,0.9656,30.361,2025
1377084,Butambala County,buildings,residential-onsite-fuel-usage,pm2_5,175.5,0.1643,32.1353,2026
1377063,Bujenje (?) County,buildings,residential-onsite-fuel-usage,pm2_5,174.04,1.9769,31.4944,2026
1377087,Busujju County,buildings,residential-onsite-fuel-usage,pm2_5,173.54,0.3041,32.0056,2026
1376982,Ntoroko County,buildings,residential-onsite-fuel-usage,pm2_5,171.2,0.9656,30.361,2024
1377018,Buzaaya County,buildings,residential-onsite-fuel-usage,pm2_5,170.77,0.778,33.1455,2026
1377001,Jinja County,buildings,residential-onsite-fuel-usage,pm2_5,169.92,0.4408,33.22,2026
1377082,Obongi County,buildings,residential-onsite-fuel-usage,pm2_5,169.55,3.3692,31.5372,2026
1377062,Bujenje County,buildings,residential-onsite-fuel-usage,pm2_5,167.96,1.6783,31.5066,2026
1377132,Entebbe County,buildings,residential-onsite-fuel-usage,pm2_5,164.55,0.0622,32.4628,2026
1377083,West Moyo County,buildings,residential-onsite-fuel-usage,pm2_5,159.45,3.6687,31.7544,2026
1377040,Jie County,buildings,residential-onsite-fuel-usage,pm2_5,157.0,3.033,34.0391,2026
1377009,Fort Portal County,buildings,residential-onsite-fuel-usage,pm2_5,148.11,0.6587,30.2826,2025
1377009,Fort Portal County,buildings,residential-onsite-fuel-usage,pm2_5,147.53,0.6587,30.2826,2024
1377003,Kabale Municipality,buildings,residential-onsite-fuel-usage,pm2_5,147.05,-1.2653,29.9914,2026
3640427,Kampala City council,transportation,road-transportation,pm2_5,143.04,0.3172,32.5898,2026
1377024,Tingey County,buildings,residential-onsite-fuel-usage,pm2_5,142.53,1.3312,34.3961,2026
1377130,Tororo (Municipality) Municipality,buildings,residential-onsite-fuel-usage,pm2_5,140.93,0.6849,34.1792,2025
3640598,Jinja County,transportation,road-transportation,pm2_5,140.62,0.4351,32.5865,2026
1377130,Tororo (Municipality) Municipality,buildings,residential-onsite-fuel-usage,pm2_5,139.36,0.6849,34.1792,2024
1050953,Jinja County,buildings,non-residential-onsite-fuel-usage,pm2_5,137.02,0.4351,32.5865,2025
1377041,Labwor County,buildings,residential-onsite-fuel-usage,pm2_5,133.89,2.8055,33.7509,2026
1050953,Jinja County,buildings,non-residential-onsite-fuel-usage,pm2_5,133.66,0.4351,32.5865,2024
3640543,Mukono County,transportation,road-transportation,pm2_5,132.51,0.3292,32.7791,2025
3640596,Busiiro County,transportation,road-transportation,pm2_5,128.5,0.2874,32.4738,2026
1377121,Bulambuli County,buildings,residential-onsite-fuel-usage,pm2_5,125.98,1.3795,34.294,2026
1377023,Kween County,buildings,residential-onsite-fuel-usage,pm2_5,124.07,1.3535,34.56,2026
1377118,Lwemiyaga County,buildings,residential-onsite-fuel-usage,pm2_5,122.01,0.0738,31.1801,2026
1377069,Manjiya County,buildings,residential-onsite-fuel-usage,pm2_5,117.04,1.0435,34.3979,2026
1377048,Lake Victoria,buildings,residential-onsite-fuel-usage,pm2_5,116.24,-0.2533,33.208,2026
1376973,Arua Municipality County,buildings,residential-onsite-fuel-usage,pm2_5,113.93,3.022,30.9168,2026
3640543,Mukono County,transportation,road-transportation,pm2_5,112.27,0.3292,32.7791,2024
1377097,Pokot County,buildings,residential-onsite-fuel-usage,pm2_5,111.24,1.8283,34.9313,2025
1377126,Soroti (Municipality) Municipality,buildings,residential-onsite-fuel-usage,pm2_5,110.19,1.7235,33.6099,2026
3640446,Amuria County,transportation,road-transportation,pm2_5,108.91,1.9835,33.7075,2024
3640446,Amuria County,transportation,road-transportation,pm2_5,108.2,1.9835,33.7075,2025
3640474,Mwenge County,transportation,road-transportation,pm2_5,107.76,0.6456,30.6585,2025
3640474,Mwenge County,transportation,road-transportation,pm2_5,106.99,0.6456,30.6585,2024
1377039,Dodoth County,buildings,residential-onsite-fuel-usage,pm2_5,105.78,3.6623,34.014,2026
1377097,Pokot County,buildings,residential-onsite-fuel-usage,pm2_5,104.24,1.8283,34.9313,2024
1377022,Kongasis County,buildings,residential-onsite-fuel-usage,pm2_5,103.6,1.2572,34.6924,2026
1377079,Bokora County,buildings,residential-onsite-fuel-usage,pm2_5,97.87,2.3984,34.1715,2026
1377095,Chekwii County,buildings,residential-onsite-fuel-usage,pm2_5,96.49,1.8499,34.6748,2025
1377095,Chekwii County,buildings,residential-onsite-fuel-usage,pm2_5,92.49,1.8499,34.6748,2024
1376982,Ntoroko County,buildings,residential-onsite-fuel-usage,pm2_5,92.34,0.9656,30.361,2026
1377092,Buvuma Islands County,buildings,residential-onsite-fuel-usage,pm2_5,89.68,0.195,33.2918,2025
3640487,Bukoto County,transportation,road-transportation,pm2_5,88.82,-0.4492,31.3976,2025
50383395,Kaliro Sugar power station,power,electricity-generation,pm2_5,87.96,0.946,33.4868,2024
3640487,Bukoto County,transportation,road-transportation,pm2_5,87.77,-0.4492,31.3976,2024
50383395,Kaliro Sugar power station,power,electricity-generation,pm2_5,87.71,0.946,33.4868,2025
1377092,Buvuma Islands County,buildings,residential-onsite-fuel-usage,pm2_5,86.51,0.195,33.2918,2024
1050916,Mukono County,buildings,non-residential-onsite-fuel-usage,pm2_5,83.59,0.3292,32.7791,2025
1050916,Mukono County,buildings,non-residential-onsite-fuel-usage,pm2_5,78.86,0.3292,32.7791,2024
1377080,Matheniko County,buildings,residential-onsite-fuel-usage,pm2_5,77.09,2.6164,34.6397,2025
3640599,Aringa County,transportation,road-transportation,pm2_5,76.62,3.4924,31.2846,2024
3640599,Aringa County,transportation,road-transportation,pm2_5,75.67,3.4924,31.2846,2025
1377080,Matheniko County,buildings,residential-onsite-fuel-usage,pm2_5,74.92,2.6164,34.6397,2024
1377009,Fort Portal County,buildings,residential-onsite-fuel-usage,pm2_5,72.98,0.6587,30.2826,2026
3640531,Mawokota County,transportation,road-transportation,pm2_5,70.88,0.1411,32.2618,2025
1377130,Tororo (Municipality) Municipality,buildings,residential-onsite-fuel-usage,pm2_5,70.39,0.6849,34.1792,2026
1050953,Jinja County,buildings,non-residential-onsite-fuel-usage,pm2_5,69.28,0.4351,32.5865,2026
3640543,Mukono County,transportation,road-transportation,pm2_5,68.44,0.3292,32.7791,2026
3640545,Nakifuma County,transportation,road-transportation,pm2_5,64.9,0.6141,32.8414,2025
1050824,Jinja County,buildings,non-residential-onsite-fuel-usage,pm2_5,63.37,0.4408,33.22,2025
1050824,Jinja County,buildings,non-residential-onsite-fuel-usage,pm2_5,62.47,0.4408,33.22,2024
3640434,Kibale County,transportation,road-transportation,pm2_5,62.14,0.309,30.6093,2024
3640434,Kibale County,transportation,road-transportation,pm2_5,62.03,0.309,30.6093,2025
3640533,Buwekula County,transportation,road-transportation,pm2_5,61.8,0.5168,31.4108,2024
3640533,Buwekula County,transportation,road-transportation,pm2_5,61.56,0.5168,31.4108,2025
3640537,Mityana County,transportation,road-transportation,pm2_5,61.49,0.5082,32.0654,2025
1377097,Pokot County,buildings,residential-onsite-fuel-usage,pm2_5,58.2,1.8283,34.9313,2026
3640531,Mawokota County,transportation,road-transportation,pm2_5,57.72,0.1411,32.2618,2024
1377096,Pian County,buildings,residential-onsite-fuel-usage,pm2_5,57.33,2.1193,34.5974,2025
1050949,Tororo County,buildings,non-residential-onsite-fuel-usage,pm2_5,56.06,0.7445,34.2472,2025
1377096,Pian County,buildings,residential-onsite-fuel-usage,pm2_5,55.7,2.1193,34.5974,2024
3640447,Kapelebyong County,transportation,road-transportation,pm2_5,55.3,2.1976,33.7772,2024
1050949,Tororo County,buildings,non-residential-onsite-fuel-usage,pm2_5,54.79,0.7445,34.2472,2024
3640539,Buikwe County,transportation,road-transportation,pm2_5,54.62,0.3117,33.0147,2025
3640447,Kapelebyong County,transportation,road-transportation,pm2_5,54.56,2.1976,33.7772,2025
3640446,Amuria County,transportation,road-transportation,pm2_5,54.51,1.9835,33.7075,2026
1050832,Fort Portal County,buildings,non-residential-onsite-fuel-usage,pm2_5,53.93,0.6587,30.2826,2025
1050832,Fort Portal County,buildings,non-residential-onsite-fuel-usage,pm2_5,53.92,0.6587,30.2826,2024
3640504,Bungokho County,transportation,road-transportation,pm2_5,53.73,1.0047,34.1972,2025
3640539,Buikwe County,transportation,road-transportation,pm2_5,53.06,0.3117,33.0147,2024
3640537,Mityana County,transportation,road-transportation,pm2_5,53.0,0.5082,32.0654,2024
1050893,Mbale Municipality,buildings,non-residential-onsite-fuel-usage,pm2_5,52.98,1.0825,34.1708,2024
1050893,Mbale Municipality,buildings,non-residential-onsite-fuel-usage,pm2_5,52.98,1.0825,34.1708,2025
1377012,Bujumba County,buildings,residential-onsite-fuel-usage,pm2_5,52.59,-0.3813,32.262,2025
3640410,Kigulu County,transportation,road-transportation,pm2_5,51.97,0.7223,33.5007,2025
3640474,Mwenge County,transportation,road-transportation,pm2_5,51.95,0.6456,30.6585,2026
3640535,Kassanda County,transportation,road-transportation,pm2_5,51.85,0.5334,31.7622,2025
1377012,Bujumba County,buildings,residential-onsite-fuel-usage,pm2_5,50.67,-0.3813,32.262,2024
3640465,Ayivu County,transportation,road-transportation,pm2_5,50.62,3.0509,30.8914,2025
3640465,Ayivu County,transportation,road-transportation,pm2_5,50.45,3.0509,30.8914,2024
3640535,Kassanda County,transportation,road-transportation,pm2_5,50.33,0.5334,31.7622,2024
1377095,Chekwii County,buildings,residential-onsite-fuel-usage,pm2_5,49.49,1.8499,34.6748,2026
3640617,Bugahya County,transportation,road-transportation,pm2_5,49.03,1.5331,31.2461,2025
3640617,Bugahya County,transportation,road-transportation,pm2_5,48.81,1.5331,31.2461,2024
3640410,Kigulu County,transportation,road-transportation,pm2_5,47.47,0.7223,33.5007,2024
3640478,Erute County,transportation,road-transportation,pm2_5,47.03,2.335,32.9387,2025
3640478,Erute County,transportation,road-transportation,pm2_5,46.39,2.335,32.9387,2024
1050871,Lake Victoria,buildings,non-residential-onsite-fuel-usage,pm2_5,46.33,-0.2533,33.208,2025
1377092,Buvuma Islands County,buildings,residential-onsite-fuel-usage,pm2_5,45.78,0.195,33.2918,2026
1050871,Lake Victoria,buildings,non-residential-onsite-fuel-usage,pm2_5,45.13,-0.2533,33.208,2024
3640545,Nakifuma County,transportation,road-transportation,pm2_5,45.05,0.6141,32.8414,2024
3640487,Bukoto County,transportation,road-transportation,pm2_5,44.96,-0.4492,31.3976,2026
50383395,Kaliro Sugar power station,power,electricity-generation,pm2_5,43.53,0.946,33.4868,2026
1050916,Mukono County,buildings,non-residential-onsite-fuel-usage,pm2_5,43.4,0.3292,32.7791,2026
1377047,Lake Albert,buildings,residential-onsite-fuel-usage,pm2_5,42.94,1.6256,31.0322,2025
3640591,Soroti County,transportation,road-transportation,pm2_5,42.58,1.7908,33.6061,2025
3640407,East Moyo County,transportation,road-transportation,pm2_5,42.51,3.2383,31.7865,2024
3640591,Soroti County,transportation,road-transportation,pm2_5,42.24,1.7908,33.6061,2024
3640407,East Moyo County,transportation,road-transportation,pm2_5,42.19,3.2383,31.7865,2025
3640504,Bungokho County,transportation,road-transportation,pm2_5,41.43,1.0047,34.1972,2024
1377047,Lake Albert,buildings,residential-onsite-fuel-usage,pm2_5,41.16,1.6256,31.0322,2024
1377081,Moroto County,buildings,residential-onsite-fuel-usage,pm2_5,41.16,2.5327,34.6597,2025
1377081,Moroto County,buildings,residential-onsite-fuel-usage,pm2_5,40.99,2.5327,34.6597,2024
3640451,Bugangaizi County,transportation,road-transportation,pm2_5,39.82,0.9635,31.2904,2025
3640451,Bugangaizi County,transportation,road-transportation,pm2_5,39.73,0.9635,31.2904,2024
3640606,Samia-Bugwe County,transportation,road-transportation,pm2_5,39.27,0.4079,34.0146,2024
1377080,Matheniko County,buildings,residential-onsite-fuel-usage,pm2_5,39.2,2.6164,34.6397,2026
3640606,Samia-Bugwe County,transportation,road-transportation,pm2_5,38.95,0.4079,34.0146,2025
3640452,Buyaga County,transportation,road-transportation,pm2_5,38.63,1.0013,30.7952,2025
3640580,Kyotera County,transportation,road-transportation,pm2_5,38.46,-0.6277,31.5804,2024
3640580,Kyotera County,transportation,road-transportation,pm2_5,38.15,-0.6277,31.5804,2025
3640602,Igara County,transportation,road-transportation,pm2_5,38.11,-0.4819,30.1683,2024
3640602,Igara County,transportation,road-transportation,pm2_5,38.07,-0.4819,30.1683,2025
3640452,Buyaga County,transportation,road-transportation,pm2_5,38.01,1.0013,30.7952,2024
3640599,Aringa County,transportation,road-transportation,pm2_5,37.26,3.4924,31.2846,2026
3640445,Busongora County,transportation,road-transportation,pm2_5,36.1,0.1386,30.1383,2025
3640531,Mawokota County,transportation,road-transportation,pm2_5,36.07,0.1411,32.2618,2026
3640473,Kyaka County,transportation,road-transportation,pm2_5,35.28,0.4832,31.0007,2025
3640473,Kyaka County,transportation,road-transportation,pm2_5,35.2,0.4832,31.0007,2024
3640445,Busongora County,transportation,road-transportation,pm2_5,35.04,0.1386,30.1383,2024
3640578,Kakuuto County,transportation,road-transportation,pm2_5,34.4,-0.8235,31.4678,2025
3166463,Entebbe International Airport,transportation,international-aviation,pm2_5,33.91,0.0424,32.4435,2025
3640578,Kakuuto County,transportation,road-transportation,pm2_5,33.64,-0.8235,31.4678,2024
3640545,Nakifuma County,transportation,road-transportation,pm2_5,32.59,0.6141,32.8414,2026
1050796,Arua Municipality County,buildings,non-residential-onsite-fuel-usage,pm2_5,32.49,3.022,30.9168,2025
1050796,Arua Municipality County,buildings,non-residential-onsite-fuel-usage,pm2_5,32.48,3.022,30.9168,2024
3640579,Kooki County,transportation,road-transportation,pm2_5,32.36,-0.6871,31.3193,2025
3640444,Bukonjo County,transportation,road-transportation,pm2_5,32.31,0.0804,29.8199,2025
3640444,Bukonjo County,transportation,road-transportation,pm2_5,31.96,0.0804,29.8199,2024
1050824,Jinja County,buildings,non-residential-onsite-fuel-usage,pm2_5,31.79,0.4408,33.22,2026
1050849,Busongora County,buildings,non-residential-onsite-fuel-usage,pm2_5,31.44,0.1386,30.1383,2025
3640484,Katikamu County,transportation,road-transportation,pm2_5,31.38,0.8445,32.5214,2025
3640489,Masaka Municipality,transportation,road-transportation,pm2_5,31.32,-0.3336,31.7313,2025
3640489,Masaka Municipality,transportation,road-transportation,pm2_5,31.27,-0.3336,31.7313,2024
1050849,Busongora County,buildings,non-residential-onsite-fuel-usage,pm2_5,31.14,0.1386,30.1383,2024
3640537,Mityana County,transportation,road-transportation,pm2_5,31.13,0.5082,32.0654,2026
3640579,Kooki County,transportation,road-transportation,pm2_5,31.05,-0.6871,31.3193,2024
3640454,Kiboga County,transportation,road-transportation,pm2_5,30.76,0.9875,31.7515,2025
44375668,Modern Laminates Pulp Mill,manufacturing,pulp-and-paper,pm2_5,30.58,0.4273,33.1696,2024
44375668,Modern Laminates Pulp Mill,manufacturing,pulp-and-paper,pm2_5,30.58,0.4273,33.1696,2025
3640515,Bukooli County,transportation,road-transportation,pm2_5,30.04,0.4371,33.7844,2025
3640484,Katikamu County,transportation,road-transportation,pm2_5,29.94,0.8445,32.5214,2024
3640533,Buwekula County,transportation,road-transportation,pm2_5,29.83,0.5168,31.4108,2026
3640456,Chua County,transportation,road-transportation,pm2_5,29.76,3.4442,33.4841,2025
3640455,Kisoro County,transportation,road-transportation,pm2_5,29.72,-1.2026,29.674,2025
3166463,Entebbe International Airport,transportation,international-aviation,pm2_5,29.7,0.0424,32.4435,2024
3640434,Kibale County,transportation,road-transportation,pm2_5,29.49,0.309,30.6093,2026
3640619,Buhaguzi County,transportation,road-transportation,pm2_5,29.45,1.3028,31.0999,2025
3640454,Kiboga County,transportation,road-transportation,pm2_5,29.34,0.9875,31.7515,2024
3640515,Bukooli County,transportation,road-transportation,pm2_5,29.18,0.4371,33.7844,2024
1377096,Pian County,buildings,residential-onsite-fuel-usage,pm2_5,29.14,2.1193,34.5974,2026
3640619,Buhaguzi County,transportation,road-transportation,pm2_5,28.87,1.3028,31.0999,2024
3640456,Chua County,transportation,road-transportation,pm2_5,28.77,3.4442,33.4841,2024
3640611,Kilak County,transportation,road-transportation,pm2_5,28.3,3.1306,32.1036,2025
1050949,Tororo County,buildings,non-residential-onsite-fuel-usage,pm2_5,28.27,0.7445,34.2472,2026
1050826,Kabale Municipality,buildings,non-residential-onsite-fuel-usage,pm2_5,28.22,-1.2653,29.9914,2025
3640410,Kigulu County,transportation,road-transportation,pm2_5,28.19,0.7223,33.5007,2026
3640504,Bungokho County,transportation,road-transportation,pm2_5,28.18,1.0047,34.1972,2026
1050826,Kabale Municipality,buildings,non-residential-onsite-fuel-usage,pm2_5,28.1,-1.2653,29.9914,2024
3640455,Kisoro County,transportation,road-transportation,pm2_5,28.08,-1.2026,29.674,2024
1050813,Gulu County,buildings,non-residential-onsite-fuel-usage,pm2_5,27.95,2.7841,32.2859,2025
1050813,Gulu County,buildings,non-residential-onsite-fuel-usage,pm2_5,27.89,2.7841,32.2859,2024
3640539,Buikwe County,transportation,road-transportation,pm2_5,27.72,0.3117,33.0147,2026
3640447,Kapelebyong County,transportation,road-transportation,pm2_5,27.46,2.1976,33.7772,2026
1050950,Tororo (Municipality) Municipality,buildings,non-residential-onsite-fuel-usage,pm2_5,27.42,0.6849,34.1792,2025
1050950,Tororo (Municipality) Municipality,buildings,non-residential-onsite-fuel-usage,pm2_5,27.39,0.6849,34.1792,2024
3640512,Mbarara Municipality,transportation,road-transportation,pm2_5,27.31,-0.6136,30.6543,2024
3640512,Mbarara Municipality,transportation,road-transportation,pm2_5,27.29,-0.6136,30.6543,2025
3640510,Kashari County,transportation,road-transportation,pm2_5,27.27,-0.4175,30.5739,2025
1377012,Bujumba County,buildings,residential-onsite-fuel-usage,pm2_5,26.88,-0.3813,32.262,2026
3640615,Omoro County,transportation,road-transportation,pm2_5,26.74,2.6458,32.4968,2025
3640440,Oyam County,transportation,road-transportation,pm2_5,26.56,2.349,32.4234,2025
1050832,Fort Portal County,buildings,non-residential-onsite-fuel-usage,pm2_5,26.49,0.6587,30.2826,2026
3640611,Kilak County,transportation,road-transportation,pm2_5,26.31,3.1306,32.1036,2024
3640615,Omoro County,transportation,road-transportation,pm2_5,26.21,2.6458,32.4968,2024
1050893,Mbale Municipality,buildings,non-residential-onsite-fuel-usage,pm2_5,26.15,1.0825,34.1708,2026
3640468,Madi-Okollo County,transportation,road-transportation,pm2_5,26.07,2.868,31.2382,2024
3640485,Nakaseke County,transportation,road-transportation,pm2_5,25.92,1.003,32.1759,2025
3640468,Madi-Okollo County,transportation,road-transportation,pm2_5,25.87,2.868,31.2382,2025
3640412,Butembe County,transportation,road-transportation,pm2_5,25.79,0.5571,33.3002,2025
3640485,Nakaseke County,transportation,road-transportation,pm2_5,25.62,1.003,32.1759,2024
3640535,Kassanda County,transportation,road-transportation,pm2_5,25.53,0.5334,31.7622,2026
3640412,Butembe County,transportation,road-transportation,pm2_5,25.49,0.5571,33.3002,2024
3640457,Lamwo County,transportation,road-transportation,pm2_5,25.42,3.5251,32.657,2024
3640495,Kibanda County,transportation,road-transportation,pm2_5,25.41,1.9938,32.0498,2024
3640510,Kashari County,transportation,road-transportation,pm2_5,25.4,-0.4175,30.5739,2024
3640457,Lamwo County,transportation,road-transportation,pm2_5,25.4,3.5251,32.657,2025
3640465,Ayivu County,transportation,road-transportation,pm2_5,25.29,3.0509,30.8914,2026
3640617,Bugahya County,transportation,road-transportation,pm2_5,24.59,1.5331,31.2461,2026
3640435,Kitagwenda County,transportation,road-transportation,pm2_5,24.56,-0.0074,30.3122,2024
3640495,Kibanda County,transportation,road-transportation,pm2_5,24.49,1.9938,32.0498,2025
3640435,Kitagwenda County,transportation,road-transportation,pm2_5,24.44,-0.0074,30.3122,2025
3640480,Lira Municipality,transportation,road-transportation,pm2_5,24.06,2.2533,32.8962,2025
3640559,Okoro County,transportation,road-transportation,pm2_5,24.05,2.5242,30.8912,2024
3640450,Ntenjeru County,transportation,road-transportation,pm2_5,23.97,0.7061,32.9621,2025
3640559,Okoro County,transportation,road-transportation,pm2_5,23.96,2.5242,30.8912,2025
3640421,Burahya County,transportation,road-transportation,pm2_5,23.79,0.6242,30.1871,2024
3640480,Lira Municipality,transportation,road-transportation,pm2_5,23.74,2.2533,32.8962,2024
3640478,Erute County,transportation,road-transportation,pm2_5,23.67,2.335,32.9387,2026
1050871,Lake Victoria,buildings,non-residential-onsite-fuel-usage,pm2_5,23.47,-0.2533,33.208,2026
3640421,Burahya County,transportation,road-transportation,pm2_5,23.46,0.6242,30.1871,2025
3640509,Isingiro County,transportation,road-transportation,pm2_5,23.18,-0.8383,30.7053,2025
3640565,Agago County,transportation,road-transportation,pm2_5,23.16,2.9479,33.3861,2025
3640471,Terego County,transportation,road-transportation,pm2_5,23.14,3.1847,31.1923,2024
3640471,Terego County,transportation,road-transportation,pm2_5,23.06,3.1847,31.1923,2025
3640440,Oyam County,transportation,road-transportation,pm2_5,22.76,2.349,32.4234,2024
3640414,Jinja County,transportation,road-transportation,pm2_5,22.73,0.4408,33.22,2024
3640466,Koboko County,transportation,road-transportation,pm2_5,22.73,3.5368,30.9839,2024
3640509,Isingiro County,transportation,road-transportation,pm2_5,22.68,-0.8383,30.7053,2024
3640565,Agago County,transportation,road-transportation,pm2_5,22.68,2.9479,33.3861,2024
3640466,Koboko County,transportation,road-transportation,pm2_5,22.68,3.5368,30.9839,2025
3640437,Kole County,transportation,road-transportation,pm2_5,22.64,2.3017,32.7356,2025
3640414,Jinja County,transportation,road-transportation,pm2_5,22.64,0.4408,33.22,2025
3640462,Kumi County,transportation,road-transportation,pm2_5,22.62,1.4567,33.9219,2025
3640584,Mawogola County,transportation,road-transportation,pm2_5,22.54,-0.066,31.4185,2024
3640609,Gulu County,transportation,road-transportation,pm2_5,22.52,2.7841,32.2859,2025
3640609,Gulu County,transportation,road-transportation,pm2_5,22.45,2.7841,32.2859,2024
3640584,Mawogola County,transportation,road-transportation,pm2_5,22.24,-0.066,31.4185,2025
3640613,Nwoya County,transportation,road-transportation,pm2_5,22.18,2.5286,31.8709,2024
3640462,Kumi County,transportation,road-transportation,pm2_5,22.12,1.4567,33.9219,2024
1377047,Lake Albert,buildings,residential-onsite-fuel-usage,pm2_5,22.1,1.6256,31.0322,2026
3640508,Ibanda County,transportation,road-transportation,pm2_5,21.98,-0.0599,30.4923,2025
3640532,Busujju County,transportation,road-transportation,pm2_5,21.88,0.3041,32.0056,2025
3640470,Maracha County,transportation,road-transportation,pm2_5,21.73,3.2478,30.9256,2024
3640436,Kinkiizi County,transportation,road-transportation,pm2_5,21.73,-0.7462,29.7243,2025
3640470,Maracha County,transportation,road-transportation,pm2_5,21.68,3.2478,30.9256,2025
3640449,Bbaale County,transportation,road-transportation,pm2_5,21.56,1.1296,32.8736,2025
3640436,Kinkiizi County,transportation,road-transportation,pm2_5,21.33,-0.7462,29.7243,2024
3640613,Nwoya County,transportation,road-transportation,pm2_5,21.19,2.5286,31.8709,2025
3640597,Entebbe County,transportation,road-transportation,pm2_5,21.16,0.0622,32.4628,2025
3640437,Kole County,transportation,road-transportation,pm2_5,21.15,2.3017,32.7356,2024
3640591,Soroti County,transportation,road-transportation,pm2_5,21.1,1.7908,33.6061,2026
3640508,Ibanda County,transportation,road-transportation,pm2_5,20.99,-0.0599,30.4923,2024
3640597,Entebbe County,transportation,road-transportation,pm2_5,20.96,0.0622,32.4628,2024
3640453,Buyanja County,transportation,road-transportation,pm2_5,20.83,0.824,31.0256,2025
3640407,East Moyo County,transportation,road-transportation,pm2_5,20.68,3.2383,31.7865,2026
3640498,Bubulo County,transportation,road-transportation,pm2_5,20.58,0.8934,34.3349,2025
3640453,Buyanja County,transportation,road-transportation,pm2_5,20.57,0.824,31.0256,2024
1377081,Moroto County,buildings,residential-onsite-fuel-usage,pm2_5,20.54,2.5327,34.6597,2026
1377013,Kyamuswa County,buildings,residential-onsite-fuel-usage,pm2_5,20.48,-0.326,32.5906,2025
1050914,Buikwe County,buildings,non-residential-onsite-fuel-usage,pm2_5,20.33,0.3117,33.0147,2025
3640573,Budaka County,transportation,road-transportation,pm2_5,20.23,1.0674,34.0046,2025
1050914,Buikwe County,buildings,non-residential-onsite-fuel-usage,pm2_5,20.2,0.3117,33.0147,2024
3640566,Aruu County,transportation,road-transportation,pm2_5,20.11,2.8899,32.8962,2025
3640450,Ntenjeru County,transportation,road-transportation,pm2_5,20.08,0.7061,32.9621,2024
3640573,Budaka County,transportation,road-transportation,pm2_5,19.88,1.0674,34.0046,2024
3640554,Buruli County,transportation,road-transportation,pm2_5,19.85,1.3206,32.4893,2025
3640560,Padyere County,transportation,road-transportation,pm2_5,19.82,2.4386,31.1627,2024
3640566,Aruu County,transportation,road-transportation,pm2_5,19.82,2.8899,32.8962,2024
3640498,Bubulo County,transportation,road-transportation,pm2_5,19.76,0.8934,34.3349,2024
3640560,Padyere County,transportation,road-transportation,pm2_5,19.71,2.4386,31.1627,2025
3640451,Bugangaizi County,transportation,road-transportation,pm2_5,19.65,0.9635,31.2904,2026
1377013,Kyamuswa County,buildings,residential-onsite-fuel-usage,pm2_5,19.59,-0.326,32.5906,2024
3640452,Buyaga County,transportation,road-transportation,pm2_5,19.58,1.0013,30.7952,2026
3640606,Samia-Bugwe County,transportation,road-transportation,pm2_5,19.55,0.4079,34.0146,2026
3640532,Busujju County,transportation,road-transportation,pm2_5,19.36,0.3041,32.0056,2024
3640417,Ndorwa County,transportation,road-transportation,pm2_5,19.19,-1.3346,30.036,2025
3640580,Kyotera County,transportation,road-transportation,pm2_5,19.09,-0.6277,31.5804,2026
3640484,Katikamu County,transportation,road-transportation,pm2_5,19.06,0.8445,32.5214,2026
3640529,Gomba County,transportation,road-transportation,pm2_5,18.98,0.2055,31.7367,2025
3640602,Igara County,transportation,road-transportation,pm2_5,18.62,-0.4819,30.1683,2026
3640554,Buruli County,transportation,road-transportation,pm2_5,18.61,1.3206,32.4893,2024
3640529,Gomba County,transportation,road-transportation,pm2_5,18.6,0.2055,31.7367,2024
3640507,Bukanga County,transportation,road-transportation,pm2_5,18.02,-0.835,31.0016,2025
3640496,Bunya County,transportation,road-transportation,pm2_5,17.88,0.3864,33.5356,2025
3640507,Bukanga County,transportation,road-transportation,pm2_5,17.86,-0.835,31.0016,2024
3640562,Ruhaama County,transportation,road-transportation,pm2_5,17.75,-0.8918,30.4088,2025
3640445,Busongora County,transportation,road-transportation,pm2_5,17.47,0.1386,30.1383,2026
3640562,Ruhaama County,transportation,road-transportation,pm2_5,17.32,-0.8918,30.4088,2024
3640473,Kyaka County,transportation,road-transportation,pm2_5,17.21,0.4832,31.0007,2026
3640449,Bbaale County,transportation,road-transportation,pm2_5,17.18,1.1296,32.8736,2024
3640578,Kakuuto County,transportation,road-transportation,pm2_5,17.14,-0.8235,31.4678,2026
3640458,Dodoth County,transportation,road-transportation,pm2_5,16.87,3.6623,34.014,2025
3640526,Butambala County,transportation,road-transportation,pm2_5,16.86,0.1643,32.1353,2024
3640493,Buruli County,transportation,road-transportation,pm2_5,16.83,1.6919,31.7738,2025
3640526,Butambala County,transportation,road-transportation,pm2_5,16.74,0.1643,32.1353,2025
3640458,Dodoth County,transportation,road-transportation,pm2_5,16.73,3.6623,34.014,2024
3640592,Bunyole County,transportation,road-transportation,pm2_5,16.57,0.8669,33.8829,2025
3640415,Kagoma County,transportation,road-transportation,pm2_5,16.57,0.5912,33.1634,2025
3640493,Buruli County,transportation,road-transportation,pm2_5,16.53,1.6919,31.7738,2024
3640513,Nyabushozi County,transportation,road-transportation,pm2_5,16.41,-0.3243,30.8724,2025
3640461,Bukedea County,transportation,road-transportation,pm2_5,16.3,1.3721,34.1414,2025
3640514,Rwampara County,transportation,road-transportation,pm2_5,16.16,-0.7152,30.4897,2025
3640481,Moroto County,transportation,road-transportation,pm2_5,16.16,2.2694,33.3212,2025
3640579,Kooki County,transportation,road-transportation,pm2_5,16.14,-0.6871,31.3193,2026
1050796,Arua Municipality County,buildings,non-residential-onsite-fuel-usage,pm2_5,16.1,3.022,30.9168,2026
3640496,Bunya County,transportation,road-transportation,pm2_5,16.1,0.3864,33.5356,2024
3640415,Kagoma County,transportation,road-transportation,pm2_5,16.06,0.5912,33.1634,2024
3640514,Rwampara County,transportation,road-transportation,pm2_5,16.02,-0.7152,30.4897,2024
3640417,Ndorwa County,transportation,road-transportation,pm2_5,16.0,-1.3346,30.036,2024
3640444,Bukonjo County,transportation,road-transportation,pm2_5,15.75,0.0804,29.8199,2026
3640481,Moroto County,transportation,road-transportation,pm2_5,15.7,2.2694,33.3212,2024
3640522,Obongi County,transportation,road-transportation,pm2_5,15.63,3.3692,31.5372,2024
3640608,Aswa County,transportation,road-transportation,pm2_5,15.61,3.0366,32.3795,2025
3640522,Obongi County,transportation,road-transportation,pm2_5,15.6,3.3692,31.5372,2025
3640489,Masaka Municipality,transportation,road-transportation,pm2_5,15.56,-0.3336,31.7313,2026
1050849,Busongora County,buildings,non-residential-onsite-fuel-usage,pm2_5,15.55,0.1386,30.1383,2026
1050823,Butembe County,buildings,non-residential-onsite-fuel-usage,pm2_5,15.32,0.5571,33.3002,2025
3640483,Bamunanika County,transportation,road-transportation,pm2_5,15.32,0.8529,32.7005,2025
3640486,Bukomansimbi County,transportation,road-transportation,pm2_5,15.32,-0.1262,31.6228,2025
3640486,Bukomansimbi County,transportation,road-transportation,pm2_5,15.29,-0.1262,31.6228,2024
3640513,Nyabushozi County,transportation,road-transportation,pm2_5,15.28,-0.3243,30.8724,2024
1050823,Butembe County,buildings,non-residential-onsite-fuel-usage,pm2_5,15.25,0.5571,33.3002,2024
3640506,Mbale Municipality,transportation,road-transportation,pm2_5,15.25,1.0825,34.1708,2025
44375668,Modern Laminates Pulp Mill,manufacturing,pulp-and-paper,pm2_5,15.21,0.4273,33.1696,2026
3640454,Kiboga County,transportation,road-transportation,pm2_5,15.19,0.9875,31.7515,2026
3640515,Bukooli County,transportation,road-transportation,pm2_5,15.18,0.4371,33.7844,2026
3640459,Jie County,transportation,road-transportation,pm2_5,15.17,3.033,34.0391,2024
3640619,Buhaguzi County,transportation,road-transportation,pm2_5,15.15,1.3028,31.0999,2026
3640506,Mbale Municipality,transportation,road-transportation,pm2_5,15.08,1.0825,34.1708,2024
3640608,Aswa County,transportation,road-transportation,pm2_5,15.04,3.0366,32.3795,2024
3640459,Jie County,transportation,road-transportation,pm2_5,15.01,3.033,34.0391,2025
3640488,Kalungu County,transportation,road-transportation,pm2_5,14.94,-0.097,31.8139,2025
3640420,Bunyangabu County,transportation,road-transportation,pm2_5,14.91,0.4826,30.2011,2025
3640431,Bulamogi County,transportation,road-transportation,pm2_5,14.88,1.0827,33.4814,2025
3640461,Bukedea County,transportation,road-transportation,pm2_5,14.78,1.3721,34.1414,2024
3640456,Chua County,transportation,road-transportation,pm2_5,14.73,3.4442,33.4841,2026
3166463,Entebbe International Airport,transportation,international-aviation,pm2_5,14.7,0.0424,32.4435,2026
3640463,Ngora County,transportation,road-transportation,pm2_5,14.55,1.499,33.7729,2025
3640488,Kalungu County,transportation,road-transportation,pm2_5,14.44,-0.097,31.8139,2024
3640511,Kazo County,transportation,road-transportation,pm2_5,14.44,0.0273,30.7515,2025
3640463,Ngora County,transportation,road-transportation,pm2_5,14.34,1.499,33.7729,2024
3640611,Kilak County,transportation,road-transportation,pm2_5,14.32,3.1306,32.1036,2026
3640595,Tororo County,transportation,road-transportation,pm2_5,14.31,0.7445,34.2472,2025
3640510,Kashari County,transportation,road-transportation,pm2_5,14.11,-0.4175,30.5739,2026
3640430,Bugabula County,transportation,road-transportation,pm2_5,14.1,1.0062,33.0701,2025
1050880,Nakaseke County,buildings,non-residential-onsite-fuel-usage,pm2_5,14.04,1.003,32.1759,2025
3640595,Tororo County,transportation,road-transportation,pm2_5,13.94,0.7445,34.2472,2024
3640590,Soroti (Municipality) Municipality,transportation,road-transportation,pm2_5,13.91,1.7235,33.6099,2024
1050952,Entebbe County,buildings,non-residential-onsite-fuel-usage,pm2_5,13.89,0.0622,32.4628,2025
1050813,Gulu County,buildings,non-residential-onsite-fuel-usage,pm2_5,13.88,2.7841,32.2859,2026
1050826,Kabale Municipality,buildings,non-residential-onsite-fuel-usage,pm2_5,13.85,-1.2653,29.9914,2026
3640472,Vurra County,transportation,road-transportation,pm2_5,13.81,2.8372,30.9597,2025
1050821,Kigulu County,buildings,non-residential-onsite-fuel-usage,pm2_5,13.77,0.7223,33.5007,2024
1050821,Kigulu County,buildings,non-residential-onsite-fuel-usage,pm2_5,13.77,0.7223,33.5007,2025
3640438,Kwania County,transportation,road-transportation,pm2_5,13.77,1.8865,32.7679,2025
3640482,Otuke County,transportation,road-transportation,pm2_5,13.74,2.479,33.3935,2024
3640472,Vurra County,transportation,road-transportation,pm2_5,13.73,2.8372,30.9597,2024
1050952,Entebbe County,buildings,non-residential-onsite-fuel-usage,pm2_5,13.72,0.0622,32.4628,2024
3640440,Oyam County,transportation,road-transportation,pm2_5,13.7,2.349,32.4234,2026
3640590,Soroti (Municipality) Municipality,transportation,road-transportation,pm2_5,13.68,1.7235,33.6099,2025
3640592,Bunyole County,transportation,road-transportation,pm2_5,13.66,0.8669,33.8829,2024
3640585,Budadiri County,transportation,road-transportation,pm2_5,13.6,1.191,34.2949,2025
3640482,Otuke County,transportation,road-transportation,pm2_5,13.59,2.479,33.3935,2025
1050950,Tororo (Municipality) Municipality,buildings,non-residential-onsite-fuel-usage,pm2_5,13.58,0.6849,34.1792,2026
3640512,Mbarara Municipality,transportation,road-transportation,pm2_5,13.56,-0.6136,30.6543,2026
3640448,Usuk County,transportation,road-transportation,pm2_5,13.5,1.9735,34.0574,2025
3640615,Omoro County,transportation,road-transportation,pm2_5,13.47,2.6458,32.4968,2026
3640483,Bamunanika County,transportation,road-transportation,pm2_5,13.43,0.8529,32.7005,2024
3640585,Budadiri County,transportation,road-transportation,pm2_5,13.41,1.191,34.2949,2024
3640455,Kisoro County,transportation,road-transportation,pm2_5,13.24,-1.2026,29.674,2026
3640485,Nakaseke County,transportation,road-transportation,pm2_5,13.22,1.003,32.1759,2026
3640448,Usuk County,transportation,road-transportation,pm2_5,13.19,1.9735,34.0574,2024
3640593,Kisoko (West Budama) County,transportation,road-transportation,pm2_5,13.16,0.7346,34.0371,2025
1050880,Nakaseke County,buildings,non-residential-onsite-fuel-usage,pm2_5,13.11,1.003,32.1759,2024
3640511,Kazo County,transportation,road-transportation,pm2_5,13.07,0.0273,30.7515,2024
3640439,Maruzi County,transportation,road-transportation,pm2_5,12.99,1.918,32.4817,2025
1050854,Ntenjeru County,buildings,non-residential-onsite-fuel-usage,pm2_5,12.95,0.7061,32.9621,2025
1050854,Ntenjeru County,buildings,non-residential-onsite-fuel-usage,pm2_5,12.93,0.7061,32.9621,2024
3640422,Fort Portal County,transportation,road-transportation,pm2_5,12.93,0.6587,30.2826,2024
3640575,Kibuku County,transportation,road-transportation,pm2_5,12.88,1.0589,33.8044,2025
3640495,Kibanda County,transportation,road-transportation,pm2_5,12.88,1.9938,32.0498,2026
3640468,Madi-Okollo County,transportation,road-transportation,pm2_5,12.88,2.868,31.2382,2026
3640477,Dokolo County,transportation,road-transportation,pm2_5,12.87,1.9103,33.0751,2024
3640477,Dokolo County,transportation,road-transportation,pm2_5,12.85,1.9103,33.0751,2025
3640412,Butembe County,transportation,road-transportation,pm2_5,12.85,0.5571,33.3002,2026
3640422,Fort Portal County,transportation,road-transportation,pm2_5,12.77,0.6587,30.2826,2025
3640420,Bunyangabu County,transportation,road-transportation,pm2_5,12.74,0.4826,30.2011,2024
3640439,Maruzi County,transportation,road-transportation,pm2_5,12.68,1.918,32.4817,2024
3640605,Sheema County,transportation,road-transportation,pm2_5,12.64,-0.592,30.372,2025
3640593,Kisoko (West Budama) County,transportation,road-transportation,pm2_5,12.61,0.7346,34.0371,2024
3640592,Bunyole County,transportation,road-transportation,pm2_5,12.53,0.8669,33.8829,2026
3640457,Lamwo County,transportation,road-transportation,pm2_5,12.47,3.5251,32.657,2026
3640430,Bugabula County,transportation,road-transportation,pm2_5,12.41,1.0062,33.0701,2024
3640418,Rubanda County,transportation,road-transportation,pm2_5,12.23,-1.2088,29.8883,2025
3640605,Sheema County,transportation,road-transportation,pm2_5,12.2,-0.592,30.372,2024
3640431,Bulamogi County,transportation,road-transportation,pm2_5,12.16,1.0827,33.4814,2024
3640589,Serere County,transportation,road-transportation,pm2_5,12.09,1.4938,33.5648,2025
3640559,Okoro County,transportation,road-transportation,pm2_5,12.09,2.5242,30.8912,2026
3640480,Lira Municipality,transportation,road-transportation,pm2_5,12.01,2.2533,32.8962,2026
3640575,Kibuku County,transportation,road-transportation,pm2_5,12.0,1.0589,33.8044,2024
3640411,Luuka County,transportation,road-transportation,pm2_5,11.98,0.82,33.3269,2025
3640509,Isingiro County,transportation,road-transportation,pm2_5,11.86,-0.8383,30.7053,2026
3640450,Ntenjeru County,transportation,road-transportation,pm2_5,11.8,0.7061,32.9621,2026
3640438,Kwania County,transportation,road-transportation,pm2_5,11.76,1.8865,32.7679,2024
3640435,Kitagwenda County,transportation,road-transportation,pm2_5,11.7,-0.0074,30.3122,2026
3640437,Kole County,transportation,road-transportation,pm2_5,11.58,2.3017,32.7356,2026
3640589,Serere County,transportation,road-transportation,pm2_5,11.54,1.4938,33.5648,2024
3640609,Gulu County,transportation,road-transportation,pm2_5,11.48,2.7841,32.2859,2026
3640471,Terego County,transportation,road-transportation,pm2_5,11.42,3.1847,31.1923,2026
3640524,West Moyo County,transportation,road-transportation,pm2_5,11.41,3.6687,31.7544,2025
3640466,Koboko County,transportation,road-transportation,pm2_5,11.39,3.5368,30.9839,2026
3640524,West Moyo County,transportation,road-transportation,pm2_5,11.33,3.6687,31.7544,2024
3640565,Agago County,transportation,road-transportation,pm2_5,11.32,2.9479,33.3861,2026
3640414,Jinja County,transportation,road-transportation,pm2_5,11.31,0.4408,33.22,2026
3640462,Kumi County,transportation,road-transportation,pm2_5,11.29,1.4567,33.9219,2026
3640532,Busujju County,transportation,road-transportation,pm2_5,11.17,0.3041,32.0056,2026
1050808,Igara County,buildings,non-residential-onsite-fuel-usage,pm2_5,11.16,-0.4819,30.1683,2025
1050808,Igara County,buildings,non-residential-onsite-fuel-usage,pm2_5,11.12,-0.4819,30.1683,2024
3640613,Nwoya County,transportation,road-transportation,pm2_5,11.1,2.5286,31.8709,2026
3640421,Burahya County,transportation,road-transportation,pm2_5,11.09,0.6242,30.1871,2026
1050879,Katikamu County,buildings,non-residential-onsite-fuel-usage,pm2_5,10.95,0.8445,32.5214,2025
3640449,Bbaale County,transportation,road-transportation,pm2_5,10.95,1.1296,32.8736,2026
1050879,Katikamu County,buildings,non-residential-onsite-fuel-usage,pm2_5,10.92,0.8445,32.5214,2024
3640470,Maracha County,transportation,road-transportation,pm2_5,10.84,3.2478,30.9256,2026
3640584,Mawogola County,transportation,road-transportation,pm2_5,10.81,-0.066,31.4185,2026
3640556,Jonam County,transportation,road-transportation,pm2_5,10.78,2.4681,31.4012,2025
3640556,Jonam County,transportation,road-transportation,pm2_5,10.72,2.4681,31.4012,2024
3640498,Bubulo County,transportation,road-transportation,pm2_5,10.69,0.8934,34.3349,2026
3640576,Pallisa County,transportation,road-transportation,pm2_5,10.64,1.22,33.6234,2025
3640597,Entebbe County,transportation,road-transportation,pm2_5,10.62,0.0622,32.4628,2026
3640441,Kongasis County,transportation,road-transportation,pm2_5,10.59,1.2572,34.6924,2024
3640408,Bugweri County,transportation,road-transportation,pm2_5,10.59,0.6248,33.615,2025
3640441,Kongasis County,transportation,road-transportation,pm2_5,10.59,1.2572,34.6924,2025
3640508,Ibanda County,transportation,road-transportation,pm2_5,10.58,-0.0599,30.4923,2026
3640431,Bulamogi County,transportation,road-transportation,pm2_5,10.53,1.0827,33.4814,2026
1377013,Kyamuswa County,buildings,residential-onsite-fuel-usage,pm2_5,10.52,-0.326,32.5906,2026
3640573,Budaka County,transportation,road-transportation,pm2_5,10.49,1.0674,34.0046,2026
1050811,Samia-Bugwe County,buildings,non-residential-onsite-fuel-usage,pm2_5,10.35,0.4079,34.0146,2025
3640563,Rushenyi County,transportation,road-transportation,pm2_5,10.34,-1.037,30.168,2025
3640453,Buyanja County,transportation,road-transportation,pm2_5,10.32,0.824,31.0256,2026
3640436,Kinkiizi County,transportation,road-transportation,pm2_5,10.29,-0.7462,29.7243,2026
1050811,Samia-Bugwe County,buildings,non-residential-onsite-fuel-usage,pm2_5,10.25,0.4079,34.0146,2024
3640418,Rubanda County,transportation,road-transportation,pm2_5,10.24,-1.2088,29.8883,2024
3640496,Bunya County,transportation,road-transportation,pm2_5,10.18,0.3864,33.5356,2026
3640428,Budiope County,transportation,road-transportation,pm2_5,10.15,1.2356,33.1704,2025
1050914,Buikwe County,buildings,non-residential-onsite-fuel-usage,pm2_5,10.14,0.3117,33.0147,2026
3640576,Pallisa County,transportation,road-transportation,pm2_5,10.06,1.22,33.6234,2024
3640554,Buruli County,transportation,road-transportation,pm2_5,10.02,1.3206,32.4893,2026
3640408,Bugweri County,transportation,road-transportation,pm2_5,10.0,0.6248,33.615,2024
3640464,Arua Municipality County,transportation,road-transportation,pm2_5,9.99,3.022,30.9168,2025
3640560,Padyere County,transportation,road-transportation,pm2_5,9.98,2.4386,31.1627,2026
3640581,Bufumbira County,transportation,road-transportation,pm2_5,9.96,-0.6154,29.8407,2024
3640417,Ndorwa County,transportation,road-transportation,pm2_5,9.96,-1.3346,30.036,2026
3640464,Arua Municipality County,transportation,road-transportation,pm2_5,9.94,3.022,30.9168,2024
3640438,Kwania County,transportation,road-transportation,pm2_5,9.91,1.8865,32.7679,2026
3640566,Aruu County,transportation,road-transportation,pm2_5,9.81,2.8899,32.8962,2026
3640479,Kyoga County,transportation,road-transportation,pm2_5,9.74,1.6393,32.7859,2025
3640581,Bufumbira County,transportation,road-transportation,pm2_5,9.71,-0.6154,29.8407,2025
3640479,Kyoga County,transportation,road-transportation,pm2_5,9.57,1.6393,32.7859,2024
3640529,Gomba County,transportation,road-transportation,pm2_5,9.36,0.2055,31.7367,2026
1050875,Lira Municipality,buildings,non-residential-onsite-fuel-usage,pm2_5,9.3,2.2533,32.8962,2024
1050875,Lira Municipality,buildings,non-residential-onsite-fuel-usage,pm2_5,9.3,2.2533,32.8962,2025
3640507,Bukanga County,transportation,road-transportation,pm2_5,9.11,-0.835,31.0016,2026
3640563,Rushenyi County,transportation,road-transportation,pm2_5,9.04,-1.037,30.168,2024
3640601,Bunyaruguru County,transportation,road-transportation,pm2_5,9.04,-0.2593,30.0033,2025
3640562,Ruhaama County,transportation,road-transportation,pm2_5,8.99,-0.8918,30.4088,2026
3640483,Bamunanika County,transportation,road-transportation,pm2_5,8.91,0.8529,32.7005,2026
3640513,Nyabushozi County,transportation,road-transportation,pm2_5,8.87,-0.3243,30.8724,2026
3640569,Bwamba County,transportation,road-transportation,pm2_5,8.86,0.6501,30.0414,2025
3640409,Busiki County,transportation,road-transportation,pm2_5,8.83,0.8897,33.6656,2025
3640411,Luuka County,transportation,road-transportation,pm2_5,8.71,0.82,33.3269,2024
3640516,Bokora County,transportation,road-transportation,pm2_5,8.68,2.3984,34.1715,2025
3640409,Busiki County,transportation,road-transportation,pm2_5,8.6,0.8897,33.6656,2024
1050859,Kisoro County,buildings,non-residential-onsite-fuel-usage,pm2_5,8.58,-1.2026,29.674,2025
1050859,Kisoro County,buildings,non-residential-onsite-fuel-usage,pm2_5,8.57,-1.2026,29.674,2024
3640586,Bulambuli County,transportation,road-transportation,pm2_5,8.55,1.3795,34.294,2025
3640492,Bujenje County,transportation,road-transportation,pm2_5,8.53,1.6783,31.5066,2025
3640493,Buruli County,transportation,road-transportation,pm2_5,8.53,1.6919,31.7738,2026
3640569,Bwamba County,transportation,road-transportation,pm2_5,8.5,0.6501,30.0414,2024
3640601,Bunyaruguru County,transportation,road-transportation,pm2_5,8.48,-0.2593,30.0033,2024
3640516,Bokora County,transportation,road-transportation,pm2_5,8.45,2.3984,34.1715,2024
3640458,Dodoth County,transportation,road-transportation,pm2_5,8.41,3.6623,34.014,2026
3640430,Bugabula County,transportation,road-transportation,pm2_5,8.37,1.0062,33.0701,2026
3640415,Kagoma County,transportation,road-transportation,pm2_5,8.37,0.5912,33.1634,2026
3640492,Bujenje County,transportation,road-transportation,pm2_5,8.36,1.6783,31.5066,2024
3640526,Butambala County,transportation,road-transportation,pm2_5,8.34,0.1643,32.1353,2026
3640461,Bukedea County,transportation,road-transportation,pm2_5,8.23,1.3721,34.1414,2026
3640481,Moroto County,transportation,road-transportation,pm2_5,8.18,2.2694,33.3212,2026
3640586,Bulambuli County,transportation,road-transportation,pm2_5,8.17,1.3795,34.294,2024
3640514,Rwampara County,transportation,road-transportation,pm2_5,8.04,-0.7152,30.4897,2026
1050814,Kilak County,buildings,non-residential-onsite-fuel-usage,pm2_5,8.01,3.1306,32.1036,2025
3640432,Buzaaya County,transportation,road-transportation,pm2_5,7.87,0.778,33.1455,2025
1050865,Bukedea County,buildings,non-residential-onsite-fuel-usage,pm2_5,7.78,1.3721,34.1414,2025
3640608,Aswa County,transportation,road-transportation,pm2_5,7.77,3.0366,32.3795,2026
1050814,Kilak County,buildings,non-residential-onsite-fuel-usage,pm2_5,7.72,3.1306,32.1036,2024
3640424,Kalaki County,transportation,road-transportation,pm2_5,7.71,1.8325,33.3557,2024
1050865,Bukedea County,buildings,non-residential-onsite-fuel-usage,pm2_5,7.68,1.3721,34.1414,2024
3640424,Kalaki County,transportation,road-transportation,pm2_5,7.66,1.8325,33.3557,2025
3640522,Obongi County,transportation,road-transportation,pm2_5,7.66,3.3692,31.5372,2026
1050823,Butembe County,buildings,non-residential-onsite-fuel-usage,pm2_5,7.63,0.5571,33.3002,2026
3640411,Luuka County,transportation,road-transportation,pm2_5,7.62,0.82,33.3269,2026
3640428,Budiope County,transportation,road-transportation,pm2_5,7.57,1.2356,33.1704,2024
3640506,Mbale Municipality,transportation,road-transportation,pm2_5,7.5,1.0825,34.1708,2026
3640486,Bukomansimbi County,transportation,road-transportation,pm2_5,7.46,-0.1262,31.6228,2026
3640488,Kalungu County,transportation,road-transportation,pm2_5,7.35,-0.097,31.8139,2026
1050880,Nakaseke County,buildings,non-residential-onsite-fuel-usage,pm2_5,7.33,1.003,32.1759,2026
3640595,Tororo County,transportation,road-transportation,pm2_5,7.31,0.7445,34.2472,2026
3640459,Jie County,transportation,road-transportation,pm2_5,7.3,3.033,34.0391,2026
3640420,Bunyangabu County,transportation,road-transportation,pm2_5,7.18,0.4826,30.2011,2026
3640463,Ngora County,transportation,road-transportation,pm2_5,7.18,1.499,33.7729,2026
3640582,Rubabo County,transportation,road-transportation,pm2_5,7.17,-0.9153,29.9487,2025
3640511,Kazo County,transportation,road-transportation,pm2_5,7.14,0.0273,30.7515,2026
3640448,Usuk County,transportation,road-transportation,pm2_5,7.13,1.9735,34.0574,2026
3640575,Kibuku County,transportation,road-transportation,pm2_5,7.1,1.0589,33.8044,2026
3640443,Tingey County,transportation,road-transportation,pm2_5,7.09,1.3312,34.3961,2025
1050952,Entebbe County,buildings,non-residential-onsite-fuel-usage,pm2_5,6.96,0.0622,32.4628,2026
3640472,Vurra County,transportation,road-transportation,pm2_5,6.93,2.8372,30.9597,2026
3640432,Buzaaya County,transportation,road-transportation,pm2_5,6.92,0.778,33.1455,2024
3640593,Kisoko (West Budama) County,transportation,road-transportation,pm2_5,6.91,0.7346,34.0371,2026
3640585,Budadiri County,transportation,road-transportation,pm2_5,6.88,1.191,34.2949,2026
3640594,Tororo (Municipality) Municipality,transportation,road-transportation,pm2_5,6.85,0.6849,34.1792,2024
3640482,Otuke County,transportation,road-transportation,pm2_5,6.84,2.479,33.3935,2026
1050821,Kigulu County,buildings,non-residential-onsite-fuel-usage,pm2_5,6.83,0.7223,33.5007,2026
3640443,Tingey County,transportation,road-transportation,pm2_5,6.83,1.3312,34.3961,2024
718318,Tororo power station,power,electricity-generation,pm2_5,6.77,0.6373,34.1167,2024
718318,Tororo power station,power,electricity-generation,pm2_5,6.76,0.6373,34.1167,2025
3640594,Tororo (Municipality) Municipality,transportation,road-transportation,pm2_5,6.76,0.6849,34.1792,2025
3640574,Butebo County,transportation,road-transportation,pm2_5,6.72,1.1874,34.0459,2025
3640590,Soroti (Municipality) Municipality,transportation,road-transportation,pm2_5,6.71,1.7235,33.6099,2026
3640439,Maruzi County,transportation,road-transportation,pm2_5,6.71,1.918,32.4817,2026
1050899,Mbarara Municipality,buildings,non-residential-onsite-fuel-usage,pm2_5,6.7,-0.6136,30.6543,2025
1050899,Mbarara Municipality,buildings,non-residential-onsite-fuel-usage,pm2_5,6.62,-0.6136,30.6543,2024
3640582,Rubabo County,transportation,road-transportation,pm2_5,6.61,-0.9153,29.9487,2024
1050934,Kakuuto County,buildings,non-residential-onsite-fuel-usage,pm2_5,6.57,-0.8235,31.4678,2025
3640603,Ruhinda County,transportation,road-transportation,pm2_5,6.57,-0.6064,30.0071,2025
1050934,Kakuuto County,buildings,non-residential-onsite-fuel-usage,pm2_5,6.56,-0.8235,31.4678,2024
3640477,Dokolo County,transportation,road-transportation,pm2_5,6.51,1.9103,33.0751,2026
3640574,Butebo County,transportation,road-transportation,pm2_5,6.5,1.1874,34.0459,2024
3640416,Kabale Municipality,transportation,road-transportation,pm2_5,6.49,-1.2653,29.9914,2025
1050854,Ntenjeru County,buildings,non-residential-onsite-fuel-usage,pm2_5,6.43,0.7061,32.9621,2026
3640561,Kajara County,transportation,road-transportation,pm2_5,6.37,-0.8285,30.129,2025
3640418,Rubanda County,transportation,road-transportation,pm2_5,6.32,-1.2088,29.8883,2026
3640605,Sheema County,transportation,road-transportation,pm2_5,6.31,-0.592,30.372,2026
3640422,Fort Portal County,transportation,road-transportation,pm2_5,6.19,0.6587,30.2826,2026
3640588,Kasilo County,transportation,road-transportation,pm2_5,6.06,1.5066,33.2256,2025
